date,city,temperature_2m_max,temperature_2m_min,relative_humidity_2m_max,wind_speed_10m_max
2021-08-10,Mumbai,27.8,25.5,93,17.4
2021-08-11,Mumbai,28.0,25.1,93,16.7
2021-08-12,Mumbai,28.1,25.4,94,16.7
2021-08-13,Mumbai,27.9,25.6,92,18.4
2021-08-14,Mumbai,27.1,24.8,94,19.1
2021-08-15,Mumbai,27.2,24.4,94,14.6
2021-08-16,Mumbai,27.6,25.0,94,12.4
2021-08-17,Mumbai,26.6,25.3,94,9.8
2021-08-18,Mumbai,26.3,25.2,95,12.0
2021-08-19,Mumbai,25.7,24.9,95,16.2
2021-08-20,Mumbai,27.1,25.1,94,15.6
2021-08-21,Mumbai,25.8,24.7,95,22.0
2021-08-22,Mumbai,27.4,25.1,95,13.6
2021-08-23,Mumbai,28.5,24.8,95,14.8
2021-08-24,Mumbai,28.4,25.3,96,14.9
2021-08-25,Mumbai,27.9,25.3,96,16.6
2021-08-26,Mumbai,27.8,25.8,93,17.0
2021-08-27,Mumbai,28.0,25.4,94,12.3
2021-08-28,Mumbai,27.8,25.0,94,14.5
2021-08-29,Mumbai,28.2,24.8,93,12.2
2021-08-30,Mumbai,27.1,25.9,93,14.5
2021-08-31,Mumbai,26.7,25.4,94,17.1
2021-09-01,Mumbai,27.4,25.2,94,18.9
2021-09-02,Mumbai,27.9,25.5,93,23.8
2021-09-03,Mumbai,27.2,25.1,95,19.1
2021-09-04,Mumbai,27.8,25.1,95,14.5
2021-09-05,Mumbai,27.2,25.3,95,12.3
2021-09-06,Mumbai,27.9,25.3,95,16.8
2021-09-07,Mumbai,27.2,25.2,96,13.3
2021-09-08,Mumbai,27.7,25.3,96,34.9
2021-09-09,Mumbai,28.4,25.7,93,32.1
2021-09-10,Mumbai,27.8,25.2,94,26.2
2021-09-11,Mumbai,27.6,25.7,94,25.3
2021-09-12,Mumbai,27.6,25.6,94,21.4
2021-09-13,Mumbai,26.9,26.1,92,25.0
2021-09-14,Mumbai,28.4,26.0,91,25.5
2021-09-15,Mumbai,27.7,25.4,93,24.1
2021-09-16,Mumbai,28.6,25.5,92,24.5
2021-09-17,Mumbai,28.4,25.5,92,21.6
2021-09-18,Mumbai,27.3,25.3,92,17.9
2021-09-19,Mumbai,27.2,25.2,94,17.1
2021-09-20,Mumbai,27.6,25.2,94,13.1
2021-09-21,Mumbai,27.2,25.4,94,14.5
2021-09-22,Mumbai,26.8,25.0,95,16.8
2021-09-23,Mumbai,27.3,25.0,95,14.5
2021-09-24,Mumbai,28.6,25.2,94,15.0
2021-09-25,Mumbai,28.1,24.5,95,13.4
2021-09-26,Mumbai,28.1,25.2,93,14.1
2021-09-27,Mumbai,26.7,25.0,94,9.6
2021-09-28,Mumbai,26.5,24.6,95,17.6
2021-09-29,Mumbai,27.8,25.2,95,24.9
2021-09-30,Mumbai,27.8,25.0,95,23.1
2021-10-01,Mumbai,29.0,25.2,97,15.1
2021-10-02,Mumbai,28.7,24.9,98,16.4
2021-10-03,Mumbai,30.4,25.1,96,17.8
2021-10-04,Mumbai,30.6,26.2,97,16.5
2021-10-05,Mumbai,30.8,26.1,98,17.7
2021-10-06,Mumbai,31.3,26.4,97,12.5
2021-10-07,Mumbai,31.9,26.0,98,12.1
2021-10-08,Mumbai,29.2,25.3,95,15.3
2021-10-09,Mumbai,28.5,25.9,97,13.3
2021-10-10,Mumbai,29.2,25.9,96,10.1
2021-10-11,Mumbai,29.2,25.1,96,15.3
2021-10-12,Mumbai,30.1,25.2,97,12.7
2021-10-13,Mumbai,30.9,25.1,95,12.8
2021-10-14,Mumbai,31.9,25.5,96,18.7
2021-10-15,Mumbai,32.9,24.6,83,18.6
2021-10-16,Mumbai,31.5,24.1,81,20.0
2021-10-17,Mumbai,30.5,24.5,81,17.4
2021-10-18,Mumbai,30.1,25.3,91,19.9
2021-10-19,Mumbai,29.2,24.7,91,13.8
2021-10-20,Mumbai,29.7,23.6,99,18.6
2021-10-21,Mumbai,31.2,22.9,96,18.1
2021-10-22,Mumbai,32.1,22.3,91,15.0
2021-10-23,Mumbai,31.0,23.2,92,18.1
2021-10-24,Mumbai,29.5,22.9,95,17.2
2021-10-25,Mumbai,30.3,22.8,96,20.2
2021-10-26,Mumbai,32.0,22.9,92,16.3
2021-10-27,Mumbai,33.1,23.0,88,20.2
2021-10-28,Mumbai,33.6,23.4,73,21.6
2021-10-29,Mumbai,33.3,23.9,63,21.2
2021-10-30,Mumbai,33.1,24.0,66,19.6
2021-10-31,Mumbai,32.5,24.1,71,18.1
2021-11-01,Mumbai,32.1,22.5,79,14.3
2021-11-02,Mumbai,33.2,23.3,80,14.2
2021-11-03,Mumbai,33.7,23.7,79,21.1
2021-11-04,Mumbai,32.4,24.8,71,15.8
2021-11-05,Mumbai,32.3,24.3,92,17.1
2021-11-06,Mumbai,31.3,23.8,93,15.3
2021-11-07,Mumbai,29.2,24.1,90,13.0
2021-11-08,Mumbai,31.7,23.6,93,16.8
2021-11-09,Mumbai,32.4,21.5,90,18.3
2021-11-10,Mumbai,32.2,21.6,74,20.9
2021-11-11,Mumbai,32.6,21.3,70,18.7
2021-11-12,Mumbai,32.0,21.7,61,22.6
2021-11-13,Mumbai,32.7,23.4,74,19.8
2021-11-14,Mumbai,32.5,23.9,76,18.1
2021-11-15,Mumbai,32.5,24.6,76,21.9
2021-11-16,Mumbai,33.5,24.6,78,19.2
2021-11-17,Mumbai,32.2,24.5,95,16.9
2021-11-18,Mumbai,30.1,23.8,97,13.4
2021-11-19,Mumbai,31.4,23.6,98,15.4
2021-11-20,Mumbai,32.5,24.5,96,12.2
2021-11-21,Mumbai,32.8,25.3,93,16.7
2021-11-22,Mumbai,28.7,24.9,97,10.2
2021-11-23,Mumbai,30.5,24.7,97,17.3
2021-11-24,Mumbai,31.7,25.5,95,16.6
2021-11-25,Mumbai,32.6,24.6,90,16.7
2021-11-26,Mumbai,32.5,23.1,89,15.0
2021-11-27,Mumbai,32.6,22.2,91,16.3
2021-11-28,Mumbai,32.2,21.7,89,16.1
2021-11-29,Mumbai,32.5,21.4,70,15.1
2021-11-30,Mumbai,32.5,23.8,74,15.0
2021-12-01,Mumbai,24.7,20.7,91,20.3
2021-12-02,Mumbai,24.8,19.3,94,26.9
2021-12-03,Mumbai,27.0,22.0,97,10.4
2021-12-04,Mumbai,27.6,21.4,97,11.3
2021-12-05,Mumbai,26.7,20.9,98,11.8
2021-12-06,Mumbai,29.0,21.0,97,16.3
2021-12-07,Mumbai,30.1,22.0,83,15.5
2021-12-08,Mumbai,31.0,22.1,80,16.2
2021-12-09,Mumbai,29.9,22.7,79,16.3
2021-12-10,Mumbai,31.2,22.2,78,15.8
2021-12-11,Mumbai,31.0,22.2,81,14.6
2021-12-12,Mumbai,31.6,21.0,89,13.5
2021-12-13,Mumbai,29.3,20.7,85,15.7
2021-12-14,Mumbai,28.5,19.3,88,17.1
2021-12-15,Mumbai,27.3,19.1,93,14.3
2021-12-16,Mumbai,28.2,19.6,95,16.7
2021-12-17,Mumbai,28.0,20.3,86,17.0
2021-12-18,Mumbai,29.4,18.9,92,15.9
2021-12-19,Mumbai,29.8,19.7,82,17.0
2021-12-20,Mumbai,29.9,18.6,90,14.7
2021-12-21,Mumbai,28.6,17.8,91,13.0
2021-12-22,Mumbai,28.1,17.9,96,12.5
2021-12-23,Mumbai,28.0,18.2,95,12.9
2021-12-24,Mumbai,26.3,17.7,98,14.6
2021-12-25,Mumbai,26.3,17.6,98,14.8
2021-12-26,Mumbai,28.2,18.6,95,17.8
2021-12-27,Mumbai,29.4,17.9,88,13.8
2021-12-28,Mumbai,28.1,18.4,90,21.5
2021-12-29,Mumbai,27.6,19.5,78,20.8
2021-12-30,Mumbai,30.0,18.8,77,20.8
2021-12-31,Mumbai,31.4,20.9,79,16.3
2022-01-01,Mumbai,31.3,20.4,78,13.9
2022-01-02,Mumbai,30.6,20.5,77,14.1
2022-01-03,Mumbai,30.9,21.4,84,13.8
2022-01-04,Mumbai,31.3,20.4,92,15.1
2022-01-05,Mumbai,28.5,20.4,96,17.3
2022-01-06,Mumbai,27.9,20.5,98,16.5
2022-01-07,Mumbai,27.4,19.6,95,15.5
2022-01-08,Mumbai,24.5,21.0,98,12.1
2022-01-09,Mumbai,25.4,18.8,92,22.0
2022-01-10,Mumbai,24.3,16.0,73,23.1
2022-01-11,Mumbai,24.5,14.8,90,15.2
2022-01-12,Mumbai,25.1,16.4,79,18.4
2022-01-13,Mumbai,25.9,15.7,89,15.4
2022-01-14,Mumbai,25.8,17.2,93,16.1
2022-01-15,Mumbai,28.8,18.1,86,20.5
2022-01-16,Mumbai,31.4,19.1,79,18.7
2022-01-17,Mumbai,30.7,20.3,77,14.8
2022-01-18,Mumbai,29.0,20.0,81,19.0
2022-01-19,Mumbai,29.2,18.8,86,17.2
2022-01-20,Mumbai,27.5,19.0,90,16.1
2022-01-21,Mumbai,27.1,18.8,96,14.2
2022-01-22,Mumbai,26.7,20.2,98,22.7
2022-01-23,Mumbai,23.3,17.7,78,22.4
2022-01-24,Mumbai,24.3,14.3,83,25.5
2022-01-25,Mumbai,25.4,14.3,69,18.8
2022-01-26,Mumbai,27.3,15.8,68,19.9
2022-01-27,Mumbai,29.3,16.9,67,20.5
2022-01-28,Mumbai,30.6,18.5,57,17.8
2022-01-29,Mumbai,31.0,17.2,70,17.2
2022-01-30,Mumbai,29.9,16.3,78,15.2
2022-01-31,Mumbai,29.3,16.8,77,17.3
2022-02-01,Mumbai,29.4,16.0,91,20.1
2022-02-02,Mumbai,27.9,16.5,98,18.1
2022-02-03,Mumbai,26.3,17.1,100,13.1
2022-02-04,Mumbai,26.0,18.6,97,12.7
2022-02-05,Mumbai,27.7,15.7,91,19.2
2022-02-06,Mumbai,27.5,17.5,96,19.4
2022-02-07,Mumbai,26.1,18.3,98,21.9
2022-02-08,Mumbai,25.6,18.3,97,17.3
2022-02-09,Mumbai,26.4,17.7,100,19.3
2022-02-10,Mumbai,30.3,18.5,79,24.0
2022-02-11,Mumbai,32.2,20.9,58,21.7
2022-02-12,Mumbai,30.8,20.0,67,21.0
2022-02-13,Mumbai,30.3,18.6,77,19.5
2022-02-14,Mumbai,29.1,18.7,87,19.5
2022-02-15,Mumbai,27.3,19.0,92,17.3
2022-02-16,Mumbai,26.5,18.7,96,16.5
2022-02-17,Mumbai,26.9,17.6,99,14.0
2022-02-18,Mumbai,28.2,18.4,98,14.6
2022-02-19,Mumbai,29.7,18.9,96,17.9
2022-02-20,Mumbai,31.0,19.4,90,20.2
2022-02-21,Mumbai,31.3,17.9,80,22.9
2022-02-22,Mumbai,30.4,18.4,91,21.8
2022-02-23,Mumbai,29.9,18.5,94,18.9
2022-02-24,Mumbai,30.3,20.2,89,20.1
2022-02-25,Mumbai,30.7,20.7,77,22.9
2022-02-26,Mumbai,30.5,20.0,82,21.8
2022-02-27,Mumbai,31.1,19.9,76,24.2
2022-02-28,Mumbai,32.4,20.0,64,21.3
2022-03-01,Mumbai,32.5,21.0,69,18.9
2022-03-02,Mumbai,34.5,21.6,68,22.4
2022-03-03,Mumbai,35.4,21.6,63,24.7
2022-03-04,Mumbai,34.5,23.8,50,24.7
2022-03-05,Mumbai,34.3,20.8,65,23.7
2022-03-06,Mumbai,34.2,22.5,65,20.4
2022-03-07,Mumbai,32.2,24.3,73,16.0
2022-03-08,Mumbai,36.0,25.2,67,23.2
2022-03-09,Mumbai,34.1,24.5,68,16.9
2022-03-10,Mumbai,33.8,23.1,78,19.0
2022-03-11,Mumbai,33.3,24.0,68,16.5
2022-03-12,Mumbai,36.3,22.8,72,18.0
2022-03-13,Mumbai,36.3,22.6,85,23.3
2022-03-14,Mumbai,36.0,22.8,48,21.5
2022-03-15,Mumbai,36.0,23.8,61,22.2
2022-03-16,Mumbai,35.4,23.3,69,26.0
2022-03-17,Mumbai,35.5,24.6,64,23.5
2022-03-18,Mumbai,34.8,22.8,91,27.1
2022-03-19,Mumbai,32.0,23.5,94,20.8
2022-03-20,Mumbai,30.2,24.0,96,26.9
2022-03-21,Mumbai,30.5,22.6,100,24.2
2022-03-22,Mumbai,34.3,24.6,65,26.5
2022-03-23,Mumbai,38.0,26.1,50,28.0
2022-03-24,Mumbai,33.7,24.9,83,20.1
2022-03-25,Mumbai,32.1,23.8,93,21.6
2022-03-26,Mumbai,32.4,23.3,100,22.2
2022-03-27,Mumbai,32.3,23.6,98,21.2
2022-03-28,Mumbai,32.3,24.3,100,20.7
2022-03-29,Mumbai,33.5,23.2,94,20.4
2022-03-30,Mumbai,33.8,22.8,95,19.4
2022-03-31,Mumbai,31.9,22.0,96,17.4
2022-04-01,Mumbai,33.0,22.1,100,19.1
2022-04-02,Mumbai,31.0,23.3,98,19.4
2022-04-03,Mumbai,31.6,23.0,99,23.4
2022-04-04,Mumbai,32.1,25.0,96,23.9
2022-04-05,Mumbai,32.2,24.7,97,22.5
2022-04-06,Mumbai,32.0,24.9,95,19.8
2022-04-07,Mumbai,32.6,25.2,96,18.9
2022-04-08,Mumbai,33.4,24.4,99,21.3
2022-04-09,Mumbai,32.1,26.0,95,17.4
2022-04-10,Mumbai,32.6,26.0,95,19.6
2022-04-11,Mumbai,32.5,25.6,95,23.4
2022-04-12,Mumbai,33.6,24.0,99,22.7
2022-04-13,Mumbai,34.9,24.2,96,23.1
2022-04-14,Mumbai,32.1,25.2,92,18.0
2022-04-15,Mumbai,32.1,25.4,94,18.9
2022-04-16,Mumbai,31.6,23.4,98,19.6
2022-04-17,Mumbai,32.0,24.7,94,19.9
2022-04-18,Mumbai,31.5,24.8,94,23.8
2022-04-19,Mumbai,32.2,24.8,97,23.4
2022-04-20,Mumbai,32.9,25.1,96,22.5
2022-04-21,Mumbai,38.4,28.1,72,29.8
2022-04-22,Mumbai,36.4,26.8,79,21.3
2022-04-23,Mumbai,37.1,26.3,97,17.7
2022-04-24,Mumbai,33.9,27.0,96,17.3
2022-04-25,Mumbai,36.5,25.4,91,23.7
2022-04-26,Mumbai,33.9,26.3,85,19.2
2022-04-27,Mumbai,35.4,25.9,89,24.0
2022-04-28,Mumbai,36.2,26.4,87,19.5
2022-04-29,Mumbai,33.3,27.8,93,17.0
2022-04-30,Mumbai,33.1,25.7,95,18.7
2022-05-01,Mumbai,33.0,26.2,94,16.7
2022-05-02,Mumbai,32.6,27.9,89,19.8
2022-05-03,Mumbai,32.9,27.3,90,19.6
2022-05-04,Mumbai,32.7,26.9,92,21.3
2022-05-05,Mumbai,33.1,25.7,95,23.4
2022-05-06,Mumbai,32.8,26.4,95,22.5
2022-05-07,Mumbai,33.1,26.1,97,22.9
2022-05-08,Mumbai,33.2,26.3,100,26.7
2022-05-09,Mumbai,32.6,26.9,97,24.6
2022-05-10,Mumbai,32.7,28.0,87,24.5
2022-05-11,Mumbai,32.5,27.5,92,19.8
2022-05-12,Mumbai,32.6,28.5,79,18.4
2022-05-13,Mumbai,32.1,28.3,80,18.5
2022-05-14,Mumbai,32.4,28.1,79,17.1
2022-05-15,Mumbai,32.9,28.2,82,18.1
2022-05-16,Mumbai,32.7,27.3,88,23.3
2022-05-17,Mumbai,32.9,27.9,86,18.2
2022-05-18,Mumbai,32.3,27.4,87,20.2
2022-05-19,Mumbai,32.2,27.5,86,21.9
2022-05-20,Mumbai,32.1,27.9,80,19.6
2022-05-21,Mumbai,32.5,28.6,72,21.6
2022-05-22,Mumbai,32.5,28.8,75,22.9
2022-05-23,Mumbai,32.8,28.6,77,22.6
2022-05-24,Mumbai,32.6,28.3,81,22.0
2022-05-25,Mumbai,32.4,27.6,81,18.7
2022-05-26,Mumbai,32.8,27.9,79,18.4
2022-05-27,Mumbai,33.3,28.5,72,20.1
2022-05-28,Mumbai,33.0,28.6,69,20.2
2022-05-29,Mumbai,33.1,28.9,71,20.6
2022-05-30,Mumbai,32.6,28.3,72,20.3
2022-05-31,Mumbai,32.9,28.1,74,21.4
2022-06-01,Mumbai,32.3,28.3,75,21.3
2022-06-02,Mumbai,32.2,27.9,80,21.1
2022-06-03,Mumbai,31.8,27.6,81,20.3
2022-06-04,Mumbai,32.4,27.6,85,18.9
2022-06-05,Mumbai,32.4,27.5,86,20.6
2022-06-06,Mumbai,32.1,27.7,84,17.9
2022-06-07,Mumbai,32.7,27.9,81,18.2
2022-06-08,Mumbai,31.8,27.1,91,17.8
2022-06-09,Mumbai,31.1,26.7,88,16.9
2022-06-10,Mumbai,30.8,26.6,91,18.7
2022-06-11,Mumbai,29.8,25.6,92,23.0
2022-06-12,Mumbai,28.4,25.7,92,25.3
2022-06-13,Mumbai,29.6,25.2,93,26.3
2022-06-14,Mumbai,30.5,25.6,94,22.9
2022-06-15,Mumbai,30.1,26.3,91,21.0
2022-06-16,Mumbai,30.1,25.8,92,20.1
2022-06-17,Mumbai,29.8,26.0,94,19.8
2022-06-18,Mumbai,29.8,26.5,92,22.4
2022-06-19,Mumbai,28.4,25.3,93,22.0
2022-06-20,Mumbai,26.7,25.1,94,18.4
2022-06-21,Mumbai,27.9,24.8,95,21.0
2022-06-22,Mumbai,29.2,25.1,94,19.2
2022-06-23,Mumbai,28.7,24.7,95,12.9
2022-06-24,Mumbai,29.9,25.5,94,22.7
2022-06-25,Mumbai,29.3,25.5,94,22.9
2022-06-26,Mumbai,28.0,25.3,93,29.5
2022-06-27,Mumbai,28.3,25.4,94,23.2
2022-06-28,Mumbai,28.1,25.5,93,20.0
2022-06-29,Mumbai,28.4,25.7,92,19.4
2022-06-30,Mumbai,27.8,25.4,94,20.2
2022-07-01,Mumbai,26.4,24.9,95,18.6
2022-07-02,Mumbai,27.5,25.1,94,21.1
2022-07-03,Mumbai,27.3,24.9,94,23.1
2022-07-04,Mumbai,27.0,25.1,93,20.6
2022-07-05,Mumbai,26.5,25.2,93,21.1
2022-07-06,Mumbai,26.7,25.4,92,20.7
2022-07-07,Mumbai,27.1,25.7,92,21.9
2022-07-08,Mumbai,28.6,25.3,91,25.9
2022-07-09,Mumbai,26.9,24.5,94,24.2
2022-07-10,Mumbai,26.3,24.3,94,22.0
2022-07-11,Mumbai,25.6,23.2,97,25.0
2022-07-12,Mumbai,25.9,23.8,94,22.8
2022-07-13,Mumbai,25.9,24.4,93,32.1
2022-07-14,Mumbai,26.0,24.9,92,32.2
2022-07-15,Mumbai,28.1,25.6,91,34.6
2022-07-16,Mumbai,28.0,25.7,90,32.5
2022-07-17,Mumbai,28.8,25.7,90,23.0
2022-07-18,Mumbai,26.2,24.4,93,18.5
2022-07-19,Mumbai,26.5,24.3,93,21.1
2022-07-20,Mumbai,27.7,25.1,93,18.5
2022-07-21,Mumbai,27.9,25.1,91,18.8
2022-07-22,Mumbai,28.9,25.2,93,20.4
2022-07-23,Mumbai,26.9,24.8,92,19.1
2022-07-24,Mumbai,26.4,24.9,92,19.5
2022-07-25,Mumbai,28.0,24.9,92,18.8
2022-07-26,Mumbai,27.4,25.4,92,15.8
2022-07-27,Mumbai,28.3,25.1,94,12.2
2022-07-28,Mumbai,28.8,24.5,96,16.3
2022-07-29,Mumbai,29.3,25.6,93,17.4
2022-07-30,Mumbai,29.2,26.1,94,16.8
2022-07-31,Mumbai,29.0,25.6,93,17.3
2022-08-01,Mumbai,29.0,25.9,92,17.4
2022-08-02,Mumbai,29.2,25.8,90,16.7
2022-08-03,Mumbai,28.9,25.6,92,15.2
2022-08-04,Mumbai,28.5,25.4,93,13.3
2022-08-05,Mumbai,27.1,25.6,94,15.1
2022-08-06,Mumbai,27.6,25.2,94,17.1
2022-08-07,Mumbai,27.7,25.7,95,16.1
2022-08-08,Mumbai,27.2,25.6,93,35.1
2022-08-09,Mumbai,26.7,25.3,93,35.5
2022-08-10,Mumbai,27.3,25.5,92,36.6
2022-08-11,Mumbai,28.0,25.7,91,37.7
2022-08-12,Mumbai,28.0,25.2,90,39.5
2022-08-13,Mumbai,28.5,25.2,90,29.8
2022-08-14,Mumbai,28.2,24.8,90,29.6
2022-08-15,Mumbai,26.8,24.8,93,24.8
2022-08-16,Mumbai,26.2,24.9,91,31.9
2022-08-17,Mumbai,27.4,24.9,91,29.8
2022-08-18,Mumbai,27.7,24.9,90,27.3
2022-08-19,Mumbai,27.9,25.2,90,24.7
2022-08-20,Mumbai,27.9,25.3,92,21.7
2022-08-21,Mumbai,27.7,25.2,92,21.3
2022-08-22,Mumbai,27.2,25.1,90,23.4
2022-08-23,Mumbai,28.0,25.0,92,24.8
2022-08-24,Mumbai,27.9,24.8,92,22.9
2022-08-25,Mumbai,27.5,24.9,92,17.1
2022-08-26,Mumbai,27.9,24.3,92,15.2
2022-08-27,Mumbai,28.1,24.7,94,16.6
2022-08-28,Mumbai,28.0,24.6,92,17.6
2022-08-29,Mumbai,28.7,24.4,94,16.7
2022-08-30,Mumbai,29.4,25.3,96,18.3
2022-08-31,Mumbai,29.5,25.1,96,18.0
2022-09-01,Mumbai,28.9,25.1,95,16.0
2022-09-02,Mumbai,30.4,25.1,97,13.6
2022-09-03,Mumbai,29.9,25.7,93,15.4
2022-09-04,Mumbai,28.6,26.0,93,14.8
2022-09-05,Mumbai,29.0,26.0,93,15.8
2022-09-06,Mumbai,29.1,25.5,93,13.3
2022-09-07,Mumbai,30.1,25.3,95,15.6
2022-09-08,Mumbai,28.5,24.9,95,12.0
2022-09-09,Mumbai,29.6,25.0,97,13.7
2022-09-10,Mumbai,29.5,25.5,94,11.7
2022-09-11,Mumbai,29.2,24.9,94,13.0
2022-09-12,Mumbai,28.5,25.0,94,17.7
2022-09-13,Mumbai,26.7,25.0,93,24.1
2022-09-14,Mumbai,27.5,25.3,92,27.3
2022-09-15,Mumbai,27.8,25.3,92,30.5
2022-09-16,Mumbai,26.1,24.6,94,25.9
2022-09-17,Mumbai,27.4,24.3,95,20.2
2022-09-18,Mumbai,26.5,24.0,94,16.0
2022-09-19,Mumbai,27.8,24.2,93,19.2
2022-09-20,Mumbai,26.2,24.3,92,13.2
2022-09-21,Mumbai,27.0,24.2,94,15.2
2022-09-22,Mumbai,25.7,24.2,93,14.4
2022-09-23,Mumbai,28.1,24.1,93,18.7
2022-09-24,Mumbai,27.2,24.3,93,17.2
2022-09-25,Mumbai,27.4,24.3,93,12.1
2022-09-26,Mumbai,27.8,23.5,94,14.7
2022-09-27,Mumbai,28.0,23.8,98,13.1
2022-09-28,Mumbai,28.0,24.3,97,15.7
2022-09-29,Mumbai,28.0,24.0,96,15.3
2022-09-30,Mumbai,29.0,24.4,97,15.5
2022-10-01,Mumbai,27.9,23.3,98,16.1
2022-10-02,Mumbai,28.6,24.0,99,16.3
2022-10-03,Mumbai,28.6,24.2,99,18.9
2022-10-04,Mumbai,29.4,24.4,98,19.7
2022-10-05,Mumbai,30.0,24.9,98,20.2
2022-10-06,Mumbai,29.5,25.3,98,22.1
2022-10-07,Mumbai,27.0,24.4,95,18.1
2022-10-08,Mumbai,27.3,24.8,93,17.6
2022-10-09,Mumbai,28.9,25.2,94,13.0
2022-10-10,Mumbai,29.8,24.2,98,12.9
2022-10-11,Mumbai,29.9,24.4,96,12.4
2022-10-12,Mumbai,28.3,24.1,96,11.0
2022-10-13,Mumbai,29.7,23.9,97,9.8
2022-10-14,Mumbai,30.5,24.5,97,10.8
2022-10-15,Mumbai,31.9,24.0,94,13.4
2022-10-16,Mumbai,32.0,24.6,85,15.6
2022-10-17,Mumbai,29.9,25.0,94,15.0
2022-10-18,Mumbai,27.6,24.5,98,16.9
2022-10-19,Mumbai,29.5,24.6,95,9.9
2022-10-20,Mumbai,29.6,24.1,98,11.9
2022-10-21,Mumbai,30.8,24.7,95,9.7
2022-10-22,Mumbai,30.4,24.7,96,17.7
2022-10-23,Mumbai,31.4,22.7,78,13.8
2022-10-24,Mumbai,30.6,20.4,91,12.5
2022-10-25,Mumbai,30.0,21.3,92,13.1
2022-10-26,Mumbai,30.5,20.9,91,14.8
2022-10-27,Mumbai,30.6,21.1,88,13.6
2022-10-28,Mumbai,31.1,20.6,89,11.4
2022-10-29,Mumbai,31.8,20.5,84,11.8
2022-10-30,Mumbai,31.8,20.3,73,14.6
2022-10-31,Mumbai,31.8,20.5,80,16.6
2022-11-01,Mumbai,31.5,21.0,76,16.4
2022-11-02,Mumbai,31.6,21.1,77,15.5
2022-11-03,Mumbai,33.3,20.6,74,14.6
2022-11-04,Mumbai,33.4,21.0,71,15.7
2022-11-05,Mumbai,33.3,21.0,73,15.7
2022-11-06,Mumbai,33.0,21.0,74,14.2
2022-11-07,Mumbai,31.8,19.8,81,13.2
2022-11-08,Mumbai,32.3,21.0,81,15.3
2022-11-09,Mumbai,31.7,21.1,78,17.7
2022-11-10,Mumbai,32.4,21.4,80,20.3
2022-11-11,Mumbai,33.1,21.1,70,18.6
2022-11-12,Mumbai,33.0,22.0,76,18.6
2022-11-13,Mumbai,32.8,22.1,78,16.4
2022-11-14,Mumbai,32.5,21.6,83,14.7
2022-11-15,Mumbai,31.5,21.6,91,13.3
2022-11-16,Mumbai,32.2,21.6,79,16.4
2022-11-17,Mumbai,32.4,21.6,79,18.4
2022-11-18,Mumbai,31.7,21.7,71,17.6
2022-11-19,Mumbai,31.4,20.8,70,15.9
2022-11-20,Mumbai,30.3,19.6,74,20.4
2022-11-21,Mumbai,29.8,18.3,74,16.5
2022-11-22,Mumbai,30.8,18.8,73,17.1
2022-11-23,Mumbai,31.4,21.4,63,19.1
2022-11-24,Mumbai,31.3,20.6,71,16.1
2022-11-25,Mumbai,31.9,21.0,75,13.1
2022-11-26,Mumbai,32.1,22.4,79,13.8
2022-11-27,Mumbai,30.6,22.1,91,14.8
2022-11-28,Mumbai,30.2,20.4,88,16.1
2022-11-29,Mumbai,29.8,19.6,88,13.6
2022-11-30,Mumbai,32.1,20.6,91,15.0
2022-12-01,Mumbai,32.5,21.1,91,14.6
2022-12-02,Mumbai,32.0,19.6,85,14.0
2022-12-03,Mumbai,31.1,20.0,77,17.9
2022-12-04,Mumbai,32.3,22.0,79,13.0
2022-12-05,Mumbai,31.7,22.9,80,14.6
2022-12-06,Mumbai,32.2,23.5,83,18.3
2022-12-07,Mumbai,32.1,22.6,85,18.7
2022-12-08,Mumbai,31.3,21.0,85,18.4
2022-12-09,Mumbai,30.3,20.1,77,19.8
2022-12-10,Mumbai,31.4,18.0,88,17.6
2022-12-11,Mumbai,30.9,18.7,76,17.6
2022-12-12,Mumbai,31.9,21.8,76,16.8
2022-12-13,Mumbai,32.4,24.3,80,14.6
2022-12-14,Mumbai,32.1,25.5,81,15.5
2022-12-15,Mumbai,31.7,24.4,85,13.6
2022-12-16,Mumbai,33.3,23.6,89,15.9
2022-12-17,Mumbai,33.5,23.8,82,16.9
2022-12-18,Mumbai,33.3,24.8,73,20.5
2022-12-19,Mumbai,31.3,23.6,71,17.1
2022-12-20,Mumbai,30.4,21.4,74,16.9
2022-12-21,Mumbai,31.0,20.3,77,15.4
2022-12-22,Mumbai,31.0,20.1,85,15.9
2022-12-23,Mumbai,29.5,21.0,86,20.4
2022-12-24,Mumbai,28.8,19.1,71,19.2
2022-12-25,Mumbai,27.6,16.4,92,14.0
2022-12-26,Mumbai,28.0,16.1,93,15.9
2022-12-27,Mumbai,29.7,17.5,90,17.8
2022-12-28,Mumbai,30.3,18.2,90,17.3
2022-12-29,Mumbai,30.6,18.4,84,16.9
2022-12-30,Mumbai,30.6,18.3,88,17.6
2022-12-31,Mumbai,29.4,19.5,81,20.3
2023-01-01,Mumbai,27.3,16.4,87,18.4
2023-01-02,Mumbai,29.2,16.5,92,16.9
2023-01-03,Mumbai,29.2,17.0,88,19.0
2023-01-04,Mumbai,28.6,17.1,87,16.8
2023-01-05,Mumbai,29.8,19.4,89,14.8
2023-01-06,Mumbai,31.6,20.4,88,15.3
2023-01-07,Mumbai,32.0,22.4,78,16.7
2023-01-08,Mumbai,31.4,21.3,80,19.0
2023-01-09,Mumbai,30.7,18.9,67,18.7
2023-01-10,Mumbai,31.1,17.2,64,17.9
2023-01-11,Mumbai,29.4,16.1,79,15.6
2023-01-12,Mumbai,28.2,16.7,93,19.2
2023-01-13,Mumbai,26.6,19.5,97,22.2
2023-01-14,Mumbai,26.0,15.8,89,20.3
2023-01-15,Mumbai,25.8,14.8,90,19.7
2023-01-16,Mumbai,25.7,14.6,97,14.5
2023-01-17,Mumbai,27.0,16.0,91,15.2
2023-01-18,Mumbai,29.3,15.1,94,13.7
2023-01-19,Mumbai,28.0,16.3,94,12.5
2023-01-20,Mumbai,27.5,16.9,95,16.6
2023-01-21,Mumbai,27.3,17.7,95,18.9
2023-01-22,Mumbai,26.9,18.0,85,23.3
2023-01-23,Mumbai,25.7,16.7,71,24.2
2023-01-24,Mumbai,25.5,16.7,70,24.2
2023-01-25,Mumbai,26.5,17.3,73,26.7
2023-01-26,Mumbai,27.3,18.1,71,21.7
2023-01-27,Mumbai,32.6,20.4,83,16.9
2023-01-28,Mumbai,30.8,19.7,100,18.5
2023-01-29,Mumbai,25.9,21.6,100,17.2
2023-01-30,Mumbai,28.0,20.0,99,23.2
2023-01-31,Mumbai,30.4,21.2,78,22.2
2023-02-01,Mumbai,33.5,23.2,65,21.8
2023-02-02,Mumbai,33.9,23.3,63,19.9
2023-02-03,Mumbai,32.3,21.0,68,18.7
2023-02-04,Mumbai,31.7,18.7,79,18.3
2023-02-05,Mumbai,30.9,19.7,89,12.9
2023-02-06,Mumbai,29.4,17.9,97,20.4
2023-02-07,Mumbai,31.3,19.2,79,22.7
2023-02-08,Mumbai,31.2,17.6,84,19.1
2023-02-09,Mumbai,33.7,19.2,72,18.9
2023-02-10,Mumbai,31.5,18.5,77,20.5
2023-02-11,Mumbai,31.7,17.8,79,22.4
2023-02-12,Mumbai,32.7,17.6,73,21.3
2023-02-13,Mumbai,33.8,21.9,54,24.0
2023-02-14,Mumbai,33.0,19.8,55,20.1
2023-02-15,Mumbai,33.1,17.8,64,21.5
2023-02-16,Mumbai,34.9,20.6,51,25.3
2023-02-17,Mumbai,34.2,21.6,49,23.4
2023-02-18,Mumbai,34.9,19.2,54,22.2
2023-02-19,Mumbai,35.6,18.6,60,19.0
2023-02-20,Mumbai,30.9,19.1,90,16.2
2023-02-21,Mumbai,32.0,19.1,93,20.9
2023-02-22,Mumbai,30.0,19.4,88,22.2
2023-02-23,Mumbai,32.9,19.9,73,22.6
2023-02-24,Mumbai,34.3,21.2,72,23.0
2023-02-25,Mumbai,33.9,21.7,54,22.5
2023-02-26,Mumbai,34.8,20.4,54,22.6
2023-02-27,Mumbai,34.8,22.1,58,21.9
2023-02-28,Mumbai,33.2,19.6,74,18.9
2023-03-01,Mumbai,32.7,20.4,76,18.5
2023-03-02,Mumbai,35.1,21.4,64,19.6
2023-03-03,Mumbai,33.7,21.3,72,17.2
2023-03-04,Mumbai,34.2,21.9,90,15.9
2023-03-05,Mumbai,36.2,22.7,87,18.7
2023-03-06,Mumbai,36.3,24.4,73,21.2
2023-03-07,Mumbai,36.0,23.9,86,23.4
2023-03-08,Mumbai,35.3,23.0,69,20.5
2023-03-09,Mumbai,36.6,23.2,61,22.4
2023-03-10,Mumbai,35.2,24.1,42,23.3
2023-03-11,Mumbai,36.8,22.0,53,22.4
2023-03-12,Mumbai,37.7,23.2,56,21.5
2023-03-13,Mumbai,37.4,24.1,81,16.1
2023-03-14,Mumbai,36.6,23.2,93,17.6
2023-03-15,Mumbai,34.7,23.3,83,20.2
2023-03-16,Mumbai,32.3,22.8,92,20.5
2023-03-17,Mumbai,30.7,22.4,97,16.3
2023-03-18,Mumbai,30.8,24.1,98,18.9
2023-03-19,Mumbai,29.8,22.7,95,18.8
2023-03-20,Mumbai,29.5,23.3,88,17.4
2023-03-21,Mumbai,29.0,21.8,90,16.4
2023-03-22,Mumbai,30.1,22.6,96,15.8
2023-03-23,Mumbai,30.1,22.8,97,18.6
2023-03-24,Mumbai,30.2,22.4,94,22.2
2023-03-25,Mumbai,29.7,21.1,99,23.7
2023-03-26,Mumbai,29.6,20.4,93,20.8
2023-03-27,Mumbai,29.8,20.9,94,19.9
2023-03-28,Mumbai,29.9,22.4,99,19.8
2023-03-29,Mumbai,29.9,21.9,99,17.6
2023-03-30,Mumbai,29.5,22.7,98,15.6
2023-03-31,Mumbai,29.4,23.7,94,16.5
2023-04-01,Mumbai,30.0,22.3,97,23.3
2023-04-02,Mumbai,30.1,22.2,100,23.8
2023-04-03,Mumbai,30.1,22.7,97,23.4
2023-04-04,Mumbai,30.8,23.1,98,23.7
2023-04-05,Mumbai,31.0,21.9,99,22.8
2023-04-06,Mumbai,33.1,23.4,97,21.6
2023-04-07,Mumbai,34.1,25.3,80,23.2
2023-04-08,Mumbai,35.1,25.6,71,17.1
2023-04-09,Mumbai,35.8,25.6,76,23.8
2023-04-10,Mumbai,35.9,26.1,82,21.6
2023-04-11,Mumbai,34.9,26.5,79,22.7
2023-04-12,Mumbai,35.7,26.6,79,25.0
2023-04-13,Mumbai,35.2,27.2,71,22.4
2023-04-14,Mumbai,35.2,26.7,77,21.7
2023-04-15,Mumbai,35.2,25.2,88,21.9
2023-04-16,Mumbai,34.1,24.1,95,22.5
2023-04-17,Mumbai,34.1,24.5,93,23.3
2023-04-18,Mumbai,37.2,26.3,85,24.0
2023-04-19,Mumbai,36.5,28.2,73,24.1
2023-04-20,Mumbai,34.9,26.2,86,23.3
2023-04-21,Mumbai,32.3,24.2,94,19.7
2023-04-22,Mumbai,31.6,23.8,99,19.1
2023-04-23,Mumbai,31.6,24.4,96,21.7
2023-04-24,Mumbai,32.3,24.5,97,22.5
2023-04-25,Mumbai,32.7,25.1,97,21.3
2023-04-26,Mumbai,31.4,25.9,93,21.0
2023-04-27,Mumbai,31.9,25.2,91,21.7
2023-04-28,Mumbai,31.9,25.5,93,18.2
2023-04-29,Mumbai,31.6,26.1,89,20.1
2023-04-30,Mumbai,31.5,24.4,91,19.5
2023-05-01,Mumbai,31.6,24.7,95,15.9
2023-05-02,Mumbai,31.5,25.2,83,16.6
2023-05-03,Mumbai,31.8,25.6,85,18.6
2023-05-04,Mumbai,31.6,24.8,92,18.7
2023-05-05,Mumbai,32.3,25.0,97,20.1
2023-05-06,Mumbai,31.9,25.2,96,22.4
2023-05-07,Mumbai,30.0,25.4,91,16.4
2023-05-08,Mumbai,32.3,27.6,85,19.7
2023-05-09,Mumbai,33.0,27.7,92,19.8
2023-05-10,Mumbai,34.0,27.3,97,21.9
2023-05-11,Mumbai,34.5,26.3,99,18.9
2023-05-12,Mumbai,34.0,27.5,97,18.3
2023-05-13,Mumbai,33.3,27.7,95,18.0
2023-05-14,Mumbai,33.2,27.3,90,17.4
2023-05-15,Mumbai,33.2,28.2,87,19.1
2023-05-16,Mumbai,33.6,27.7,86,17.3
2023-05-17,Mumbai,33.4,27.4,88,22.7
2023-05-18,Mumbai,33.2,27.1,91,24.4
2023-05-19,Mumbai,33.5,26.8,95,23.2
2023-05-20,Mumbai,32.6,27.6,92,18.7
2023-05-21,Mumbai,32.9,27.7,86,19.9
2023-05-22,Mumbai,33.0,27.1,91,18.5
2023-05-23,Mumbai,33.5,26.4,95,22.9
2023-05-24,Mumbai,33.3,27.3,93,19.9
2023-05-25,Mumbai,33.3,28.2,78,20.7
2023-05-26,Mumbai,32.7,29.0,74,21.6
2023-05-27,Mumbai,33.7,28.3,74,19.1
2023-05-28,Mumbai,33.8,28.2,80,18.8
2023-05-29,Mumbai,33.6,27.9,88,24.0
2023-05-30,Mumbai,33.9,27.2,95,20.3
2023-05-31,Mumbai,34.5,27.9,95,24.7
2023-06-01,Mumbai,33.5,27.1,97,21.9
2023-06-02,Mumbai,33.4,28.0,89,18.2
2023-06-03,Mumbai,34.6,29.0,79,18.7
2023-06-04,Mumbai,33.6,29.0,82,19.1
2023-06-05,Mumbai,33.2,28.6,86,19.6
2023-06-06,Mumbai,33.8,28.8,79,17.1
2023-06-07,Mumbai,33.5,28.7,80,16.9
2023-06-08,Mumbai,34.1,29.4,81,16.9
2023-06-09,Mumbai,33.1,28.2,90,29.3
2023-06-10,Mumbai,33.2,27.7,84,32.5
2023-06-11,Mumbai,32.7,25.7,92,32.4
2023-06-12,Mumbai,32.3,26.3,91,42.6
2023-06-13,Mumbai,31.1,26.3,89,36.3
2023-06-14,Mumbai,30.3,25.8,91,33.8
2023-06-15,Mumbai,31.9,28.2,82,33.7
2023-06-16,Mumbai,31.3,27.3,86,37.5
2023-06-17,Mumbai,31.4,27.2,89,26.1
2023-06-18,Mumbai,31.1,27.6,88,22.8
2023-06-19,Mumbai,31.4,27.7,85,20.0
2023-06-20,Mumbai,31.5,27.5,88,20.4
2023-06-21,Mumbai,31.6,27.6,90,19.6
2023-06-22,Mumbai,31.6,27.5,88,18.7
2023-06-23,Mumbai,30.8,26.7,90,19.3
2023-06-24,Mumbai,29.3,25.2,94,17.7
2023-06-25,Mumbai,27.5,25.5,92,18.3
2023-06-26,Mumbai,26.7,25.2,94,18.9
2023-06-27,Mumbai,27.1,24.7,93,20.9
2023-06-28,Mumbai,27.8,25.6,93,20.4
2023-06-29,Mumbai,26.8,25.4,93,20.5
2023-06-30,Mumbai,26.8,25.3,93,27.3
2023-07-01,Mumbai,28.2,24.9,94,23.1
2023-07-02,Mumbai,28.4,25.4,95,20.5
2023-07-03,Mumbai,28.9,26.1,94,17.7
2023-07-04,Mumbai,29.2,25.4,95,16.8
2023-07-05,Mumbai,28.3,25.2,96,14.5
2023-07-06,Mumbai,27.0,24.9,97,24.5
2023-07-07,Mumbai,27.8,25.5,94,26.8
2023-07-08,Mumbai,29.7,25.5,93,29.3
2023-07-09,Mumbai,29.2,25.3,92,27.4
2023-07-10,Mumbai,28.7,26.0,89,22.7
2023-07-11,Mumbai,29.6,25.4,91,20.4
2023-07-12,Mumbai,27.0,25.1,94,12.8
2023-07-13,Mumbai,27.3,24.7,97,18.2
2023-07-14,Mumbai,27.4,25.3,93,21.0
2023-07-15,Mumbai,27.4,24.9,96,17.6
2023-07-16,Mumbai,27.9,24.6,95,16.8
2023-07-17,Mumbai,27.4,24.7,95,19.7
2023-07-18,Mumbai,26.4,25.4,93,25.3
2023-07-19,Mumbai,27.3,25.5,93,23.7
2023-07-20,Mumbai,27.9,25.5,95,24.1
2023-07-21,Mumbai,27.5,25.4,93,21.3
2023-07-22,Mumbai,26.4,25.1,93,21.3
2023-07-23,Mumbai,27.7,25.4,93,28.1
2023-07-24,Mumbai,28.1,25.3,94,26.8
2023-07-25,Mumbai,27.2,25.2,93,21.1
2023-07-26,Mumbai,27.1,24.8,95,26.3
2023-07-27,Mumbai,27.2,25.3,94,22.0
2023-07-28,Mumbai,27.1,25.0,93,21.7
2023-07-29,Mumbai,28.8,25.3,90,23.9
2023-07-30,Mumbai,28.8,25.7,88,25.6
2023-07-31,Mumbai,28.5,25.5,90,26.6
2023-08-01,Mumbai,28.9,25.3,92,25.3
2023-08-02,Mumbai,28.6,24.5,92,27.7
2023-08-03,Mumbai,28.8,25.9,91,27.2
2023-08-04,Mumbai,28.4,26.5,88,25.3
2023-08-05,Mumbai,29.3,25.7,90,23.7
2023-08-06,Mumbai,28.8,26.2,89,23.4
2023-08-07,Mumbai,29.0,25.9,90,26.9
2023-08-08,Mumbai,29.1,26.0,89,24.7
2023-08-09,Mumbai,29.1,25.7,89,20.2
2023-08-10,Mumbai,28.4,25.9,91,15.2
2023-08-11,Mumbai,29.0,25.5,90,15.9
2023-08-12,Mumbai,27.2,24.1,92,18.8
2023-08-13,Mumbai,29.2,25.4,89,24.7
2023-08-14,Mumbai,29.4,25.8,89,24.8
2023-08-15,Mumbai,28.2,26.2,86,18.7
2023-08-16,Mumbai,29.0,25.2,93,20.9
2023-08-17,Mumbai,29.3,25.0,92,20.7
2023-08-18,Mumbai,28.9,25.6,87,18.9
2023-08-19,Mumbai,28.7,25.6,89,19.5
2023-08-20,Mumbai,27.9,25.0,93,17.1
2023-08-21,Mumbai,28.7,24.6,95,16.3
2023-08-22,Mumbai,28.7,25.0,92,18.8
2023-08-23,Mumbai,29.4,25.2,93,21.1
2023-08-24,Mumbai,28.8,25.6,90,21.2
2023-08-25,Mumbai,28.5,24.9,93,19.5
2023-08-26,Mumbai,27.9,24.3,95,20.2
2023-08-27,Mumbai,27.8,24.1,96,16.6
2023-08-28,Mumbai,27.6,24.8,93,17.1
2023-08-29,Mumbai,28.7,24.9,93,11.1
2023-08-30,Mumbai,29.3,24.4,95,13.8
2023-08-31,Mumbai,30.1,24.7,96,15.2
2023-09-01,Mumbai,30.5,24.1,97,18.8
2023-09-02,Mumbai,28.7,24.9,97,12.3
2023-09-03,Mumbai,29.1,25.1,94,17.6
2023-09-04,Mumbai,29.5,23.9,96,17.7
2023-09-05,Mumbai,29.2,24.7,93,17.2
2023-09-06,Mumbai,29.9,26.0,88,17.7
2023-09-07,Mumbai,28.3,25.0,93,19.7
2023-09-08,Mumbai,28.1,25.7,92,22.7
2023-09-09,Mumbai,29.0,25.6,96,18.1
2023-09-10,Mumbai,29.1,25.6,95,18.4
2023-09-11,Mumbai,28.8,25.0,94,14.4
2023-09-12,Mumbai,29.2,24.6,95,19.1
2023-09-13,Mumbai,28.4,25.0,93,12.8
2023-09-14,Mumbai,28.8,24.1,95,13.4
2023-09-15,Mumbai,29.3,24.8,94,16.6
2023-09-16,Mumbai,28.5,25.1,93,20.6
2023-09-17,Mumbai,29.2,25.3,93,23.0
2023-09-18,Mumbai,27.2,24.6,95,22.2
2023-09-19,Mumbai,28.4,25.2,93,22.3
2023-09-20,Mumbai,28.2,25.5,94,21.7
2023-09-21,Mumbai,28.2,25.5,96,16.3
2023-09-22,Mumbai,28.1,24.9,97,11.5
2023-09-23,Mumbai,28.6,25.2,96,16.0
2023-09-24,Mumbai,28.2,24.4,97,11.4
2023-09-25,Mumbai,28.4,24.4,98,15.0
2023-09-26,Mumbai,29.1,24.2,97,13.4
2023-09-27,Mumbai,29.2,24.2,98,17.0
2023-09-28,Mumbai,30.0,24.1,96,20.2
2023-09-29,Mumbai,30.6,25.7,98,12.4
2023-09-30,Mumbai,32.5,24.9,98,15.3
2023-10-01,Mumbai,30.9,26.8,97,17.5
2023-10-02,Mumbai,29.2,24.1,96,13.0
2023-10-03,Mumbai,29.7,25.6,92,12.9
2023-10-04,Mumbai,29.9,23.9,96,14.5
2023-10-05,Mumbai,30.5,24.2,98,15.8
2023-10-06,Mumbai,29.9,24.6,99,16.8
2023-10-07,Mumbai,30.4,24.1,97,18.1
2023-10-08,Mumbai,31.5,24.6,92,18.0
2023-10-09,Mumbai,32.3,23.8,95,16.4
2023-10-10,Mumbai,31.9,23.7,89,19.4
2023-10-11,Mumbai,31.2,24.9,91,20.3
2023-10-12,Mumbai,31.5,23.9,94,16.6
2023-10-13,Mumbai,33.1,25.7,97,17.2
2023-10-14,Mumbai,32.6,24.9,96,14.2
2023-10-15,Mumbai,33.4,25.2,99,19.2
2023-10-16,Mumbai,33.0,23.9,91,15.5
2023-10-17,Mumbai,32.2,25.0,88,9.5
2023-10-18,Mumbai,33.8,24.3,95,18.1
2023-10-19,Mumbai,33.9,24.6,76,16.1
2023-10-20,Mumbai,34.4,23.8,82,10.8
2023-10-21,Mumbai,34.9,24.0,87,12.3
2023-10-22,Mumbai,33.7,23.8,87,14.5
2023-10-23,Mumbai,34.8,23.8,91,18.7
2023-10-24,Mumbai,34.4,23.3,78,16.5
2023-10-25,Mumbai,33.9,22.6,77,16.4
2023-10-26,Mumbai,34.1,22.8,73,19.9
2023-10-27,Mumbai,34.3,21.3,75,20.7
2023-10-28,Mumbai,34.2,21.2,74,16.6
2023-10-29,Mumbai,34.7,21.4,70,19.1
2023-10-30,Mumbai,34.8,21.2,74,14.7
2023-10-31,Mumbai,34.6,21.7,77,14.9
2023-11-01,Mumbai,34.1,22.3,70,14.8
2023-11-02,Mumbai,34.0,21.9,74,17.2
2023-11-03,Mumbai,34.6,22.7,75,19.9
2023-11-04,Mumbai,35.3,23.6,70,14.6
2023-11-05,Mumbai,35.1,22.8,76,15.5
2023-11-06,Mumbai,35.4,22.9,78,17.1
2023-11-07,Mumbai,34.2,22.2,69,19.1
2023-11-08,Mumbai,32.7,23.7,89,20.2
2023-11-09,Mumbai,33.5,24.0,97,13.7
2023-11-10,Mumbai,33.0,24.8,90,13.8
2023-11-11,Mumbai,35.0,24.0,91,18.5
2023-11-12,Mumbai,35.2,25.3,63,18.9
2023-11-13,Mumbai,34.4,23.6,72,16.1
2023-11-14,Mumbai,33.9,22.0,78,14.8
2023-11-15,Mumbai,33.9,21.4,88,15.6
2023-11-16,Mumbai,34.0,20.8,86,15.6
2023-11-17,Mumbai,33.7,21.5,79,17.6
2023-11-18,Mumbai,33.7,21.2,79,13.8
2023-11-19,Mumbai,32.3,20.8,84,17.5
2023-11-20,Mumbai,34.2,23.5,78,16.0
2023-11-21,Mumbai,34.2,24.3,80,20.2
2023-11-22,Mumbai,33.6,23.3,60,18.4
2023-11-23,Mumbai,33.2,22.0,65,18.1
2023-11-24,Mumbai,34.4,21.9,76,15.2
2023-11-25,Mumbai,33.6,23.2,90,12.0
2023-11-26,Mumbai,31.1,23.9,95,19.0
2023-11-27,Mumbai,30.3,23.4,93,14.9
2023-11-28,Mumbai,30.0,22.9,95,16.6
2023-11-29,Mumbai,28.8,20.5,91,15.3
2023-11-30,Mumbai,29.7,20.5,96,17.8
2023-12-01,Mumbai,29.7,21.7,95,15.8
2023-12-02,Mumbai,31.6,20.5,98,14.8
2023-12-03,Mumbai,33.3,23.4,81,17.0
2023-12-04,Mumbai,33.2,23.4,90,19.7
2023-12-05,Mumbai,32.8,24.6,82,19.4
2023-12-06,Mumbai,31.5,23.0,77,18.8
2023-12-07,Mumbai,31.3,22.3,78,17.5
2023-12-08,Mumbai,31.8,21.2,79,18.8
2023-12-09,Mumbai,32.4,21.5,78,18.4
2023-12-10,Mumbai,32.8,21.8,73,16.3
2023-12-11,Mumbai,32.2,21.1,75,16.6
2023-12-12,Mumbai,31.3,20.4,75,18.8
2023-12-13,Mumbai,30.9,19.6,78,17.4
2023-12-14,Mumbai,32.6,20.4,86,11.6
2023-12-15,Mumbai,31.9,20.7,74,15.1
2023-12-16,Mumbai,31.7,19.4,81,18.8
2023-12-17,Mumbai,32.1,20.7,75,17.7
2023-12-18,Mumbai,32.9,22.8,64,16.7
2023-12-19,Mumbai,32.6,23.6,75,15.8
2023-12-20,Mumbai,32.6,21.0,61,17.1
2023-12-21,Mumbai,33.1,21.5,63,16.1
2023-12-22,Mumbai,31.6,20.7,80,12.5
2023-12-23,Mumbai,33.1,20.5,81,18.4
2023-12-24,Mumbai,32.8,19.8,74,15.1
2023-12-25,Mumbai,32.8,18.9,72,16.0
2023-12-26,Mumbai,33.1,18.9,73,13.6
2023-12-27,Mumbai,33.8,19.8,69,16.9
2023-12-28,Mumbai,32.4,20.0,78,15.7
2023-12-29,Mumbai,33.1,20.3,82,13.6
2023-12-30,Mumbai,32.1,19.5,89,14.0
2023-12-31,Mumbai,31.9,19.5,88,14.4
2024-01-01,Mumbai,31.7,20.0,86,15.9
2024-01-02,Mumbai,31.0,19.9,85,20.0
2024-01-03,Mumbai,30.1,19.4,83,18.7
2024-01-04,Mumbai,28.9,19.0,93,18.6
2024-01-05,Mumbai,29.8,18.0,94,17.6
2024-01-06,Mumbai,31.8,19.4,83,21.4
2024-01-07,Mumbai,31.7,20.9,76,17.3
2024-01-08,Mumbai,32.9,21.5,78,17.6
2024-01-09,Mumbai,30.7,22.8,89,12.7
2024-01-10,Mumbai,30.5,21.9,89,11.5
2024-01-11,Mumbai,32.8,22.6,89,17.6
2024-01-12,Mumbai,34.2,22.8,83,18.3
2024-01-13,Mumbai,32.9,20.7,89,18.4
2024-01-14,Mumbai,32.7,21.2,72,19.7
2024-01-15,Mumbai,30.1,20.0,67,20.9
2024-01-16,Mumbai,28.4,17.7,75,17.4
2024-01-17,Mumbai,27.6,16.6,81,15.5
2024-01-18,Mumbai,27.9,17.0,87,17.1
2024-01-19,Mumbai,27.7,16.7,87,13.2
2024-01-20,Mumbai,28.4,18.2,91,21.9
2024-01-21,Mumbai,30.2,17.5,69,18.4
2024-01-22,Mumbai,29.8,17.3,69,18.3
2024-01-23,Mumbai,29.7,19.4,54,24.9
2024-01-24,Mumbai,30.6,18.5,57,21.3
2024-01-25,Mumbai,31.2,18.0,57,15.6
2024-01-26,Mumbai,32.0,17.0,64,15.7
2024-01-27,Mumbai,32.7,18.3,60,16.2
2024-01-28,Mumbai,32.7,17.5,69,18.3
2024-01-29,Mumbai,32.0,19.7,53,22.4
2024-01-30,Mumbai,31.4,19.6,69,20.4
2024-01-31,Mumbai,29.5,19.2,83,19.4
2024-02-01,Mumbai,28.2,18.9,91,20.4
2024-02-02,Mumbai,30.1,18.9,94,21.1
2024-02-03,Mumbai,34.2,20.0,69,22.2
2024-02-04,Mumbai,33.5,20.1,73,13.1
2024-02-05,Mumbai,32.2,21.7,70,18.6
2024-02-06,Mumbai,32.0,21.1,71,19.9
2024-02-07,Mumbai,32.4,21.4,82,24.0
2024-02-08,Mumbai,32.2,20.9,70,24.5
2024-02-09,Mumbai,31.1,18.6,74,23.1
2024-02-10,Mumbai,30.9,20.2,55,24.4
2024-02-11,Mumbai,31.0,18.3,55,22.2
2024-02-12,Mumbai,31.5,17.9,67,15.0
2024-02-13,Mumbai,31.8,19.8,57,22.3
2024-02-14,Mumbai,33.0,20.6,54,23.7
2024-02-15,Mumbai,32.7,20.1,72,20.9
2024-02-16,Mumbai,34.5,19.7,79,17.2
2024-02-17,Mumbai,33.5,19.7,76,14.5
2024-02-18,Mumbai,34.9,20.7,87,21.7
2024-02-19,Mumbai,32.3,19.4,77,20.6
2024-02-20,Mumbai,31.5,20.3,90,25.3
2024-02-21,Mumbai,28.8,19.3,93,19.3
2024-02-22,Mumbai,28.7,20.5,99,19.6
2024-02-23,Mumbai,30.2,18.7,95,24.9
2024-02-24,Mumbai,31.8,19.6,56,27.8
2024-02-25,Mumbai,34.3,18.8,50,19.0
2024-02-26,Mumbai,34.8,18.5,70,17.3
2024-02-27,Mumbai,34.0,20.9,76,21.4
2024-02-28,Mumbai,35.2,22.5,67,21.9
2024-02-29,Mumbai,34.4,22.5,67,19.0
2024-03-01,Mumbai,33.9,23.1,91,19.6
2024-03-02,Mumbai,30.1,22.1,90,19.4
2024-03-03,Mumbai,28.0,20.6,93,18.9
2024-03-04,Mumbai,28.4,18.0,87,21.2
2024-03-05,Mumbai,30.6,17.5,63,23.0
2024-03-06,Mumbai,31.1,18.3,50,23.7
2024-03-07,Mumbai,32.7,20.0,55,24.2
2024-03-08,Mumbai,35.1,21.3,45,27.9
2024-03-09,Mumbai,35.0,20.7,43,23.2
2024-03-10,Mumbai,32.8,21.0,56,21.1
2024-03-11,Mumbai,34.6,20.4,68,25.5
2024-03-12,Mumbai,34.9,21.9,64,22.2
2024-03-13,Mumbai,31.5,21.6,86,24.2
2024-03-14,Mumbai,31.0,20.8,96,23.9
2024-03-15,Mumbai,30.0,19.8,95,16.9
2024-03-16,Mumbai,30.4,19.0,99,20.2
2024-03-17,Mumbai,31.6,20.1,99,18.8
2024-03-18,Mumbai,31.5,21.9,99,17.6
2024-03-19,Mumbai,33.1,22.0,99,21.4
2024-03-20,Mumbai,38.0,21.2,48,22.4
2024-03-21,Mumbai,37.8,22.3,48,18.9
2024-03-22,Mumbai,33.8,22.1,96,18.0
2024-03-23,Mumbai,33.2,20.7,96,18.7
2024-03-24,Mumbai,31.8,21.3,97,18.9
2024-03-25,Mumbai,32.5,22.2,92,20.3
2024-03-26,Mumbai,34.2,21.2,95,22.2
2024-03-27,Mumbai,33.1,22.1,95,22.3
2024-03-28,Mumbai,33.0,22.7,96,18.4
2024-03-29,Mumbai,34.7,23.3,97,19.9
2024-03-30,Mumbai,34.2,23.5,86,24.0
2024-03-31,Mumbai,34.1,23.6,70,24.0
2024-04-01,Mumbai,33.8,24.4,87,20.0
2024-04-02,Mumbai,33.2,21.3,94,19.0
2024-04-03,Mumbai,33.4,21.5,94,20.6
2024-04-04,Mumbai,32.9,22.2,95,21.4
2024-04-05,Mumbai,35.4,23.2,92,26.7
2024-04-06,Mumbai,36.8,25.8,68,28.4
2024-04-07,Mumbai,36.5,25.8,69,26.0
2024-04-08,Mumbai,33.4,21.9,90,19.8
2024-04-09,Mumbai,34.2,21.7,95,19.0
2024-04-10,Mumbai,33.4,23.3,99,20.2
2024-04-11,Mumbai,33.5,22.6,97,18.8
2024-04-12,Mumbai,33.8,23.2,92,17.6
2024-04-13,Mumbai,31.5,22.6,93,17.7
2024-04-14,Mumbai,32.6,21.7,94,23.8
2024-04-15,Mumbai,36.3,24.4,95,21.7
2024-04-16,Mumbai,41.3,27.8,80,21.6
2024-04-17,Mumbai,33.8,27.9,92,18.2
2024-04-18,Mumbai,34.3,27.1,96,21.3
2024-04-19,Mumbai,35.7,26.5,86,26.7
2024-04-20,Mumbai,35.7,26.1,79,27.0
2024-04-21,Mumbai,34.0,24.3,88,26.0
2024-04-22,Mumbai,34.3,25.8,88,24.4
2024-04-23,Mumbai,34.4,24.3,94,23.5
2024-04-24,Mumbai,33.9,23.8,91,22.3
2024-04-25,Mumbai,34.4,24.7,93,25.5
2024-04-26,Mumbai,35.2,25.7,87,22.1
2024-04-27,Mumbai,36.1,26.1,87,23.4
2024-04-28,Mumbai,39.4,27.1,68,27.2
2024-04-29,Mumbai,38.2,26.8,65,26.6
2024-04-30,Mumbai,37.6,25.8,83,27.0
2024-05-01,Mumbai,34.5,25.1,89,20.0
2024-05-02,Mumbai,33.4,24.3,95,20.5
2024-05-03,Mumbai,33.2,23.3,96,20.2
2024-05-04,Mumbai,33.2,24.1,98,21.9
2024-05-05,Mumbai,34.7,24.9,96,23.5
2024-05-06,Mumbai,33.2,25.5,98,20.7
2024-05-07,Mumbai,33.4,25.5,95,20.4
2024-05-08,Mumbai,33.0,26.5,87,24.4
2024-05-09,Mumbai,32.9,26.3,93,20.3
2024-05-10,Mumbai,33.2,26.2,93,19.9
2024-05-11,Mumbai,33.6,26.3,96,23.9
2024-05-12,Mumbai,33.9,27.1,93,22.4
2024-05-13,Mumbai,34.8,27.5,93,22.5
2024-05-14,Mumbai,37.6,27.5,80,23.7
2024-05-15,Mumbai,36.0,26.7,88,21.1
2024-05-16,Mumbai,38.9,27.2,95,18.1
2024-05-17,Mumbai,36.3,28.3,89,17.3
2024-05-18,Mumbai,34.7,27.7,95,17.3
2024-05-19,Mumbai,34.1,26.5,93,19.3
2024-05-20,Mumbai,35.1,29.1,87,21.2
2024-05-21,Mumbai,35.4,28.5,90,21.9
2024-05-22,Mumbai,34.5,28.9,89,18.7
2024-05-23,Mumbai,34.2,28.0,95,24.2
2024-05-24,Mumbai,34.7,28.1,91,18.4
2024-05-25,Mumbai,33.7,28.6,86,19.4
2024-05-26,Mumbai,33.4,29.1,80,21.3
2024-05-27,Mumbai,33.6,29.3,81,21.3
2024-05-28,Mumbai,33.7,28.9,81,21.3
2024-05-29,Mumbai,34.0,29.2,75,23.4
2024-05-30,Mumbai,34.6,29.0,87,19.2
2024-05-31,Mumbai,34.4,28.0,95,19.5
2024-06-01,Mumbai,34.1,27.6,94,18.7
2024-06-02,Mumbai,34.5,28.1,86,17.9
2024-06-03,Mumbai,34.2,28.7,85,15.5
2024-06-04,Mumbai,33.5,27.8,91,15.9
2024-06-05,Mumbai,33.8,26.5,93,16.5
2024-06-06,Mumbai,34.1,26.5,92,17.3
2024-06-07,Mumbai,33.6,28.0,88,18.0
2024-06-08,Mumbai,34.4,26.5,93,20.0
2024-06-09,Mumbai,31.6,26.0,93,13.6
2024-06-10,Mumbai,29.8,25.7,97,14.7
2024-06-11,Mumbai,30.2,25.7,96,13.5
2024-06-12,Mumbai,30.0,25.6,97,16.1
2024-06-13,Mumbai,30.0,26.2,93,17.7
2024-06-14,Mumbai,29.2,25.8,94,18.3
2024-06-15,Mumbai,29.8,25.8,92,18.9
2024-06-16,Mumbai,31.0,26.2,91,15.0
2024-06-17,Mumbai,31.6,26.6,93,18.6
2024-06-18,Mumbai,29.8,26.2,94,20.8
2024-06-19,Mumbai,29.2,26.0,94,18.9
2024-06-20,Mumbai,28.5,26.1,93,20.7
2024-06-21,Mumbai,31.1,24.9,95,20.9
2024-06-22,Mumbai,30.2,25.3,96,16.8
2024-06-23,Mumbai,29.8,25.8,94,16.6
2024-06-24,Mumbai,29.7,26.0,95,18.0
2024-06-25,Mumbai,30.6,26.2,94,31.7
2024-06-26,Mumbai,30.5,26.9,95,29.9
2024-06-27,Mumbai,28.8,26.5,93,27.5
2024-06-28,Mumbai,28.2,26.0,94,27.8
2024-06-29,Mumbai,30.1,25.9,93,26.2
2024-06-30,Mumbai,29.4,26.2,93,30.6
2024-07-01,Mumbai,30.6,26.8,88,36.4
2024-07-02,Mumbai,30.4,26.1,90,32.0
2024-07-03,Mumbai,30.1,26.3,93,28.6
2024-07-04,Mumbai,29.0,26.6,92,24.3
2024-07-05,Mumbai,29.1,25.9,94,23.0
2024-07-06,Mumbai,29.5,25.8,93,26.7
2024-07-07,Mumbai,29.2,25.7,95,20.9
2024-07-08,Mumbai,28.5,25.7,95,17.2
2024-07-09,Mumbai,27.0,25.5,95,22.1
2024-07-10,Mumbai,28.8,25.2,94,21.3
2024-07-11,Mumbai,28.8,24.6,96,21.6
2024-07-12,Mumbai,26.9,25.2,95,21.0
2024-07-13,Mumbai,26.6,25.2,94,27.6
2024-07-14,Mumbai,26.6,24.5,97,24.5
2024-07-15,Mumbai,28.1,24.9,96,14.8
2024-07-16,Mumbai,29.1,25.3,97,20.0
2024-07-17,Mumbai,27.7,25.8,93,23.9
2024-07-18,Mumbai,28.1,25.7,95,26.4
2024-07-19,Mumbai,27.3,25.7,93,26.9
2024-07-20,Mumbai,27.7,25.9,92,27.5
2024-07-21,Mumbai,27.1,25.9,93,27.2
2024-07-22,Mumbai,26.9,25.7,92,28.1
2024-07-23,Mumbai,26.6,25.5,92,29.0
2024-07-24,Mumbai,27.0,25.5,92,32.4
2024-07-25,Mumbai,27.4,25.1,94,33.6
2024-07-26,Mumbai,28.6,25.3,93,27.7
2024-07-27,Mumbai,28.8,25.8,91,29.3
2024-07-28,Mumbai,29.3,26.0,92,27.1
2024-07-29,Mumbai,27.7,25.7,92,25.4
2024-07-30,Mumbai,28.2,25.2,93,23.2
2024-07-31,Mumbai,28.7,24.9,95,20.8
2024-08-01,Mumbai,29.4,25.1,93,26.3
2024-08-02,Mumbai,28.3,25.3,91,29.2
2024-08-03,Mumbai,27.5,25.6,90,30.2
2024-08-04,Mumbai,27.0,25.5,91,27.8
2024-08-05,Mumbai,28.9,25.6,91,24.0
2024-08-06,Mumbai,28.7,25.5,94,20.0
2024-08-07,Mumbai,28.8,25.3,92,19.2
2024-08-08,Mumbai,28.7,25.5,92,18.8
2024-08-09,Mumbai,27.8,25.2,95,16.0
2024-08-10,Mumbai,28.1,25.0,93,18.7
2024-08-11,Mumbai,29.2,25.9,89,20.4
2024-08-12,Mumbai,28.9,25.7,91,21.5
2024-08-13,Mumbai,28.8,25.4,92,16.9
2024-08-14,Mumbai,29.1,25.5,94,16.1
2024-08-15,Mumbai,29.4,25.4,93,18.1
2024-08-16,Mumbai,29.6,25.8,93,16.6
2024-08-17,Mumbai,29.6,25.7,93,13.1
2024-08-18,Mumbai,29.9,25.5,96,13.7
2024-08-19,Mumbai,29.1,25.5,97,15.9
2024-08-20,Mumbai,28.6,25.1,99,13.1
2024-08-21,Mumbai,30.3,25.3,97,17.3
2024-08-22,Mumbai,30.0,25.9,95,15.8
2024-08-23,Mumbai,28.5,25.9,97,18.1
2024-08-24,Mumbai,26.5,25.2,96,20.9
2024-08-25,Mumbai,27.6,24.7,93,26.0
2024-08-26,Mumbai,27.0,24.4,93,28.1
2024-08-27,Mumbai,27.6,24.8,92,31.1
2024-08-28,Mumbai,28.9,25.1,92,32.1
2024-08-29,Mumbai,29.0,26.1,91,25.3
2024-08-30,Mumbai,29.0,25.2,94,19.8
2024-08-31,Mumbai,28.9,25.3,93,12.9
2024-09-01,Mumbai,27.8,25.3,93,13.2
2024-09-02,Mumbai,27.3,24.9,94,19.5
2024-09-03,Mumbai,27.3,24.8,94,16.0
2024-09-04,Mumbai,28.3,25.1,94,19.4
2024-09-05,Mumbai,28.3,25.2,94,23.4
2024-09-06,Mumbai,28.4,25.1,92,21.3
2024-09-07,Mumbai,28.3,25.2,93,17.2
2024-09-08,Mumbai,28.7,24.9,94,14.9
2024-09-09,Mumbai,28.8,25.0,93,16.4
2024-09-10,Mumbai,28.5,25.0,94,17.6
2024-09-11,Mumbai,28.2,24.9,93,18.5
2024-09-12,Mumbai,28.4,24.9,93,17.9
2024-09-13,Mumbai,28.6,24.7,92,19.2
2024-09-14,Mumbai,27.9,23.8,94,16.7
2024-09-15,Mumbai,27.4,23.5,94,13.4
2024-09-16,Mumbai,28.7,23.8,96,14.6
2024-09-17,Mumbai,28.9,23.1,97,15.6
2024-09-18,Mumbai,29.2,23.4,95,13.0
2024-09-19,Mumbai,29.5,24.6,93,12.8
2024-09-20,Mumbai,28.4,23.3,98,15.9
2024-09-21,Mumbai,29.7,23.9,96,15.8
2024-09-22,Mumbai,29.7,25.1,96,18.5
2024-09-23,Mumbai,28.9,26.1,94,17.6
2024-09-24,Mumbai,29.0,24.7,98,22.7
2024-09-25,Mumbai,28.0,24.3,98,20.6
2024-09-26,Mumbai,26.6,24.5,99,18.7
2024-09-27,Mumbai,26.8,25.5,93,28.1
2024-09-28,Mumbai,28.1,24.9,94,17.9
2024-09-29,Mumbai,28.7,25.0,94,14.8
2024-09-30,Mumbai,29.7,24.7,98,15.2
2024-10-01,Mumbai,31.5,25.0,98,15.7
2024-10-02,Mumbai,30.7,26.1,99,15.0
2024-10-03,Mumbai,30.1,25.4,98,15.7
2024-10-04,Mumbai,29.5,25.3,96,14.4
2024-10-05,Mumbai,29.5,24.3,96,14.7
2024-10-06,Mumbai,31.3,24.3,97,17.9
2024-10-07,Mumbai,31.6,24.8,94,13.7
2024-10-08,Mumbai,32.2,25.2,97,14.1
2024-10-09,Mumbai,29.1,25.1,95,18.9
2024-10-10,Mumbai,29.7,24.4,95,15.9
2024-10-11,Mumbai,31.5,25.0,95,15.7
2024-10-12,Mumbai,31.4,24.3,96,11.5
2024-10-13,Mumbai,30.6,24.8,95,10.9
2024-10-14,Mumbai,31.6,24.2,97,16.0
2024-10-15,Mumbai,29.6,24.4,97,11.9
2024-10-16,Mumbai,30.7,24.7,96,12.5
2024-10-17,Mumbai,29.0,25.3,97,12.3
2024-10-18,Mumbai,31.9,24.7,97,13.4
2024-10-19,Mumbai,30.1,24.0,96,12.1
2024-10-20,Mumbai,29.8,24.0,95,8.2
2024-10-21,Mumbai,30.4,23.9,96,8.8
2024-10-22,Mumbai,30.3,23.6,97,12.3
2024-10-23,Mumbai,31.4,24.2,97,14.8
2024-10-24,Mumbai,32.5,24.5,91,14.9
2024-10-25,Mumbai,31.1,22.6,84,12.5
2024-10-26,Mumbai,32.5,22.1,78,17.0
2024-10-27,Mumbai,31.6,22.1,92,15.9
2024-10-28,Mumbai,31.8,23.1,95,16.2
2024-10-29,Mumbai,31.2,24.5,96,13.7
2024-10-30,Mumbai,32.7,24.1,96,12.5
2024-10-31,Mumbai,32.4,24.1,96,15.2
2024-11-01,Mumbai,31.3,24.5,95,14.1
2024-11-02,Mumbai,33.1,24.2,97,17.5
2024-11-03,Mumbai,34.2,22.3,81,16.6
2024-11-04,Mumbai,34.1,22.8,76,19.7
2024-11-05,Mumbai,34.3,22.7,84,15.8
2024-11-06,Mumbai,33.7,22.0,84,17.7
2024-11-07,Mumbai,33.5,21.6,70,16.1
2024-11-08,Mumbai,33.8,22.2,76,17.2
2024-11-09,Mumbai,34.1,22.0,77,17.9
2024-11-10,Mumbai,33.7,21.7,84,20.3
2024-11-11,Mumbai,33.3,22.9,70,20.6
2024-11-12,Mumbai,33.5,22.3,74,17.9
2024-11-13,Mumbai,34.8,23.4,67,12.6
2024-11-14,Mumbai,35.4,23.0,63,10.7
2024-11-15,Mumbai,33.9,25.1,84,10.5
2024-11-16,Mumbai,34.4,25.4,83,14.2
2024-11-17,Mumbai,35.8,25.7,74,14.5
2024-11-18,Mumbai,34.8,24.2,76,12.3
2024-11-19,Mumbai,33.9,22.1,60,14.1
2024-11-20,Mumbai,33.1,22.0,62,13.5
2024-11-21,Mumbai,33.1,21.4,69,12.8
2024-11-22,Mumbai,32.7,20.9,71,12.6
2024-11-23,Mumbai,32.0,21.6,77,10.1
2024-11-24,Mumbai,33.0,21.7,76,12.0
2024-11-25,Mumbai,32.9,21.4,76,13.0
2024-11-26,Mumbai,32.3,20.7,66,13.5
2024-11-27,Mumbai,32.6,20.4,65,13.1
2024-11-28,Mumbai,32.1,19.9,55,11.3
2024-11-29,Mumbai,31.4,20.3,61,14.4
2024-11-30,Mumbai,31.4,19.9,54,12.2
2024-12-01,Mumbai,32.6,20.5,63,13.3
2024-12-02,Mumbai,33.8,22.8,65,12.3
2024-12-03,Mumbai,33.6,25.6,67,14.5
2024-12-04,Mumbai,34.2,26.5,85,13.4
2024-12-05,Mumbai,34.3,25.8,91,10.4
2024-12-06,Mumbai,32.7,25.2,82,12.8
2024-12-07,Mumbai,32.8,24.3,68,15.6
2024-12-08,Mumbai,31.1,21.2,59,13.5
2024-12-09,Mumbai,30.9,20.4,58,16.2
2024-12-10,Mumbai,31.4,20.4,67,11.0
2024-12-11,Mumbai,33.6,21.2,71,12.3
2024-12-12,Mumbai,31.1,20.5,80,14.5
2024-12-13,Mumbai,32.3,21.2,73,12.0
2024-12-14,Mumbai,32.9,20.1,57,11.5
2024-12-15,Mumbai,33.2,19.0,58,10.3
2024-12-16,Mumbai,32.4,18.3,65,11.9
2024-12-17,Mumbai,30.8,17.8,70,12.3
2024-12-18,Mumbai,32.2,18.2,78,10.6
2024-12-19,Mumbai,29.7,17.9,90,11.4
2024-12-20,Mumbai,28.2,19.6,90,13.2
2024-12-21,Mumbai,27.9,19.2,94,10.5
2024-12-22,Mumbai,27.8,20.9,90,12.0
2024-12-23,Mumbai,27.3,21.2,88,14.7
2024-12-24,Mumbai,28.5,20.6,73,16.1
2024-12-25,Mumbai,28.7,20.3,77,14.1
2024-12-26,Mumbai,29.6,21.5,79,12.9
2024-12-27,Mumbai,28.2,21.7,81,14.5
2024-12-28,Mumbai,29.9,21.7,80,14.0
2024-12-29,Mumbai,30.4,22.2,81,12.3
2024-12-30,Mumbai,32.6,23.4,74,11.7
2024-12-31,Mumbai,33.2,22.8,77,12.4
2025-01-01,Mumbai,32.4,22.4,78,12.9
2025-01-02,Mumbai,32.8,21.3,82,15.1
2025-01-03,Mumbai,33.4,21.2,68,13.7
2025-01-04,Mumbai,32.9,19.3,64,11.9
2025-01-05,Mumbai,29.2,21.3,76,13.5
2025-01-06,Mumbai,29.9,20.0,82,16.5
2025-01-07,Mumbai,31.4,18.5,73,16.6
2025-01-08,Mumbai,30.6,20.0,70,11.6
2025-01-09,Mumbai,32.0,20.4,59,11.8
2025-01-10,Mumbai,31.3,20.4,72,9.6
2025-01-11,Mumbai,28.6,20.5,78,15.2
2025-01-12,Mumbai,30.0,20.6,80,15.7
2025-01-13,Mumbai,32.7,22.0,67,14.0
2025-01-14,Mumbai,32.9,21.6,74,12.0
2025-01-15,Mumbai,30.2,21.9,80,16.0
2025-01-16,Mumbai,29.7,20.2,80,16.9
2025-01-17,Mumbai,33.4,22.9,75,14.9
2025-01-18,Mumbai,34.0,22.2,63,14.9
2025-01-19,Mumbai,33.2,21.0,60,13.1
2025-01-20,Mumbai,33.2,20.9,62,12.8
2025-01-21,Mumbai,31.4,20.9,69,12.0
2025-01-22,Mumbai,31.4,20.4,71,15.0
2025-01-23,Mumbai,30.5,21.7,64,17.6
2025-01-24,Mumbai,31.7,20.4,65,12.1
2025-01-25,Mumbai,33.2,22.0,73,10.9
2025-01-26,Mumbai,33.5,21.8,78,11.2
2025-01-27,Mumbai,32.5,21.6,77,13.3
2025-01-28,Mumbai,30.5,21.3,81,11.8
2025-01-29,Mumbai,30.8,20.6,82,12.7
2025-01-30,Mumbai,31.4,20.2,72,11.7
2025-01-31,Mumbai,29.6,20.5,79,13.6
2025-02-01,Mumbai,29.1,19.9,77,15.7
2025-02-02,Mumbai,30.9,20.5,63,14.3
2025-02-03,Mumbai,28.9,20.7,65,17.1
2025-02-04,Mumbai,29.7,20.1,67,15.0
2025-02-05,Mumbai,31.6,20.9,55,19.1
2025-02-06,Mumbai,31.8,19.3,61,12.6
2025-02-07,Mumbai,34.3,22.3,67,10.9
2025-02-08,Mumbai,33.3,21.9,74,12.6
2025-02-09,Mumbai,33.1,22.7,67,14.2
2025-02-10,Mumbai,33.6,23.3,63,15.0
2025-02-11,Mumbai,32.4,21.7,65,15.9
2025-02-12,Mumbai,33.3,20.4,67,15.4
2025-02-13,Mumbai,34.8,21.5,50,15.7
2025-02-14,Mumbai,34.7,22.6,49,18.8
2025-02-15,Mumbai,35.2,22.1,46,17.5
2025-02-16,Mumbai,35.1,21.6,62,16.0
2025-02-17,Mumbai,34.3,20.8,66,17.3
2025-02-18,Mumbai,34.8,23.4,53,18.5
2025-02-19,Mumbai,33.4,23.3,50,17.8
2025-02-20,Mumbai,34.7,22.3,57,18.5
2025-02-21,Mumbai,36.7,24.7,43,16.9
2025-02-22,Mumbai,34.9,24.5,55,17.7
2025-02-23,Mumbai,35.7,23.6,48,15.4
2025-02-24,Mumbai,36.9,24.3,56,14.4
2025-02-25,Mumbai,37.5,24.7,56,14.6
2025-02-26,Mumbai,37.2,22.9,67,14.8
2025-02-27,Mumbai,35.8,23.9,58,15.0
2025-02-28,Mumbai,33.4,24.2,79,14.9
2025-03-01,Mumbai,33.7,24.6,56,16.1
2025-03-02,Mumbai,36.2,24.6,54,17.1
2025-03-03,Mumbai,36.2,24.3,56,17.7
2025-03-04,Mumbai,35.8,24.9,53,19.0
2025-03-05,Mumbai,36.8,24.2,47,16.9
2025-03-06,Mumbai,35.0,22.5,40,16.5
2025-03-07,Mumbai,36.9,24.5,45,16.8
2025-03-08,Mumbai,36.0,23.5,57,14.9
2025-03-09,Mumbai,35.6,22.9,72,15.0
2025-03-10,Mumbai,39.0,24.3,47,17.4
2025-03-11,Mumbai,37.4,25.6,63,15.4
2025-03-12,Mumbai,37.1,25.1,71,14.4
2025-03-13,Mumbai,34.2,24.8,84,13.2
2025-03-14,Mumbai,34.7,24.3,93,15.0
2025-03-15,Mumbai,35.5,24.8,75,15.7
2025-03-16,Mumbai,33.2,25.2,68,15.9
2025-03-17,Mumbai,33.5,24.8,78,17.3
2025-03-18,Mumbai,33.2,23.1,88,15.9
2025-03-19,Mumbai,32.3,23.2,93,16.2
2025-03-20,Mumbai,35.1,23.2,74,18.0
2025-03-21,Mumbai,32.4,25.3,73,18.2
2025-03-22,Mumbai,32.7,22.6,85,17.0
2025-03-23,Mumbai,33.8,23.7,92,14.4
2025-03-24,Mumbai,32.9,24.6,98,17.4
2025-03-25,Mumbai,33.2,24.6,85,16.7
2025-03-26,Mumbai,31.6,23.9,92,15.2
2025-03-27,Mumbai,30.8,24.3,94,16.5
2025-03-28,Mumbai,32.5,23.7,89,17.3
2025-03-29,Mumbai,36.2,26.4,54,16.2
2025-03-30,Mumbai,37.7,26.6,74,18.2
2025-03-31,Mumbai,37.1,25.5,76,16.0
2025-04-01,Mumbai,38.9,25.9,84,14.5
2025-04-02,Mumbai,37.4,27.8,65,15.3
2025-04-03,Mumbai,32.5,27.3,89,12.1
2025-04-04,Mumbai,33.3,26.4,95,15.4
2025-04-05,Mumbai,35.4,24.7,96,18.5
2025-04-06,Mumbai,35.7,24.8,78,16.1
2025-04-07,Mumbai,36.4,24.9,96,19.1
2025-04-08,Mumbai,36.6,26.0,65,19.9
2025-04-09,Mumbai,34.6,26.1,74,16.2
2025-04-10,Mumbai,33.2,26.7,94,12.4
2025-04-11,Mumbai,33.0,25.6,94,14.5
2025-04-12,Mumbai,32.3,25.6,93,14.7
2025-04-13,Mumbai,32.7,25.6,93,16.1
2025-04-14,Mumbai,36.4,24.6,92,19.3
2025-04-15,Mumbai,35.1,25.6,82,16.9
2025-04-16,Mumbai,33.0,25.7,91,15.4
2025-04-17,Mumbai,32.4,25.7,95,15.7
2025-04-18,Mumbai,32.3,26.0,94,14.9
2025-04-19,Mumbai,32.7,26.1,96,15.9
2025-04-20,Mumbai,33.0,25.3,89,14.5
2025-04-21,Mumbai,32.7,25.9,90,15.3
2025-04-22,Mumbai,34.3,25.4,91,16.8
2025-04-23,Mumbai,34.8,26.5,94,16.7
2025-04-24,Mumbai,33.4,26.7,93,14.4
2025-04-25,Mumbai,33.7,26.3,94,14.9
2025-04-26,Mumbai,33.3,26.2,92,15.6
2025-04-27,Mumbai,33.4,25.9,92,15.6
2025-04-28,Mumbai,32.8,26.2,91,16.1
2025-04-29,Mumbai,32.8,26.3,95,14.1
2025-04-30,Mumbai,33.1,26.3,93,15.2
2025-05-01,Mumbai,33.4,26.0,94,18.4
2025-05-02,Mumbai,34.5,26.0,93,14.4
2025-05-03,Mumbai,33.2,25.7,80,15.6
2025-05-04,Mumbai,32.9,26.7,82,15.4
2025-05-05,Mumbai,33.5,27.8,83,14.6
2025-05-06,Mumbai,32.9,23.3,88,15.9
2025-05-07,Mumbai,32.3,25.4,85,17.6
2025-05-08,Mumbai,29.4,22.7,92,14.3
2025-05-09,Mumbai,28.5,25.0,91,15.2
2025-05-10,Mumbai,30.9,24.6,95,11.5
2025-05-11,Mumbai,32.5,25.8,94,12.0
2025-05-12,Mumbai,33.6,27.1,86,13.1
2025-05-13,Mumbai,33.8,27.7,87,13.1
2025-05-14,Mumbai,33.3,24.7,91,12.3
2025-05-15,Mumbai,33.2,27.8,87,14.3
2025-05-16,Mumbai,33.8,28.9,75,14.1
2025-05-17,Mumbai,32.5,28.6,76,13.3
2025-05-18,Mumbai,34.4,28.7,72,14.7
2025-05-19,Mumbai,32.4,28.4,79,16.2
2025-05-20,Mumbai,34.4,28.3,90,13.2
2025-05-21,Mumbai,31.6,26.6,96,10.7
2025-05-22,Mumbai,31.8,25.8,95,18.3
2025-05-23,Mumbai,32.5,26.2,95,13.2
2025-05-24,Mumbai,32.1,25.7,93,12.0
2025-05-25,Mumbai,28.5,23.9,97,11.6
2025-05-26,Mumbai,27.8,25.1,98,21.3
2025-05-27,Mumbai,29.8,25.6,97,13.0
2025-05-28,Mumbai,27.8,25.9,97,13.5
2025-05-29,Mumbai,31.4,26.6,97,17.8
2025-05-30,Mumbai,31.5,28.2,90,17.8
2025-05-31,Mumbai,31.1,27.5,90,20.0
2025-06-01,Mumbai,29.2,25.7,92,19.1
2025-06-02,Mumbai,30.7,25.6,94,19.9
2025-06-03,Mumbai,30.2,25.4,92,20.9
2025-06-04,Mumbai,29.3,24.3,95,14.6
2025-06-05,Mumbai,30.2,24.7,94,10.0
2025-06-06,Mumbai,30.2,26.5,92,10.0
2025-06-07,Mumbai,29.7,25.2,96,10.1
2025-06-08,Mumbai,30.3,26.4,90,14.0
2025-06-09,Mumbai,30.8,27.3,86,18.8
2025-06-10,Mumbai,30.6,27.2,87,17.5
2025-06-11,Mumbai,31.8,27.8,87,17.1
2025-06-12,Mumbai,31.6,28.6,86,23.7
2025-06-13,Mumbai,30.5,25.4,100,19.9
2025-06-14,Mumbai,30.6,25.4,98,13.1
2025-06-15,Mumbai,29.6,25.3,98,15.3
2025-06-16,Mumbai,27.2,25.7,94,28.8
2025-06-17,Mumbai,29.5,25.7,92,25.0
2025-06-18,Mumbai,28.4,25.9,94,26.4
2025-06-19,Mumbai,28.4,24.4,98,23.7
2025-06-20,Mumbai,29.5,26.0,92,20.5
2025-06-21,Mumbai,30.1,24.9,96,20.4
2025-06-22,Mumbai,29.2,25.7,90,23.1
2025-06-23,Mumbai,28.3,25.5,92,24.8
2025-06-24,Mumbai,29.1,25.4,95,24.0
2025-06-25,Mumbai,30.0,26.4,91,24.1
2025-06-26,Mumbai,28.6,25.3,95,18.1
2025-06-27,Mumbai,28.8,24.9,93,22.4
2025-06-28,Mumbai,29.4,25.7,92,26.0
2025-06-29,Mumbai,28.9,25.7,92,22.0
2025-06-30,Mumbai,29.1,24.8,93,23.4
2025-07-01,Mumbai,28.8,24.5,96,19.2
2025-07-02,Mumbai,28.7,25.1,95,19.5
2025-07-03,Mumbai,28.3,24.8,94,22.6
2025-07-04,Mumbai,28.0,25.5,91,21.7
2025-07-05,Mumbai,27.5,25.8,90,23.4
2025-07-06,Mumbai,27.6,25.6,91,26.5
2025-07-07,Mumbai,28.6,25.5,92,22.8
2025-07-08,Mumbai,28.6,26.4,87,23.0
2025-07-09,Mumbai,27.5,25.7,92,18.9
2025-07-10,Mumbai,29.1,24.8,94,14.4
2025-07-11,Mumbai,28.0,25.1,92,12.9
2025-07-12,Mumbai,29.3,25.1,94,17.0
2025-07-13,Mumbai,28.5,25.4,91,15.7
2025-07-14,Mumbai,27.5,24.6,96,21.7
2025-07-15,Mumbai,27.6,25.2,93,14.8
2025-07-16,Mumbai,29.2,25.5,93,16.0
2025-07-17,Mumbai,29.3,25.5,93,11.2
2025-07-18,Mumbai,29.5,25.6,92,12.1
2025-07-19,Mumbai,28.3,24.9,94,13.3
2025-07-20,Mumbai,28.0,24.9,94,14.3
2025-07-21,Mumbai,28.1,25.6,94,12.9
2025-07-22,Mumbai,28.1,25.2,94,14.7
2025-07-23,Mumbai,28.0,24.7,94,17.3
2025-07-24,Mumbai,27.4,24.9,90,19.8
2025-07-25,Mumbai,27.2,25.7,92,20.5
2025-07-26,Mumbai,28.0,25.5,90,22.4
2025-07-27,Mumbai,28.2,25.3,91,28.2
2025-07-28,Mumbai,28.3,25.6,88,25.0
2025-07-29,Mumbai,27.6,25.6,88,26.4
2025-07-30,Mumbai,27.2,25.7,91,24.6
2025-07-31,Mumbai,27.6,25.9,91,21.3
2025-08-01,Mumbai,28.4,25.6,91,18.5
2025-08-02,Mumbai,28.3,25.1,93,15.3
2025-08-03,Mumbai,28.2,24.9,93,12.3
2025-08-04,Mumbai,28.7,25.0,93,13.0
2025-08-05,Mumbai,28.9,25.1,92,13.9
2025-08-06,Mumbai,29.3,25.2,94,14.3
2025-08-07,Mumbai,27.9,25.8,92,11.6
2025-08-08,Mumbai,28.1,25.8,93,8.3
2025-08-09,Mumbai,28.5,24.8,96,9.6
2025-08-10,Mumbai,28.1,25.0,92,12.7
2025-08-11,Mumbai,28.2,25.0,92,15.0
2025-08-12,Mumbai,28.6,24.9,91,15.9
2025-08-13,Mumbai,28.3,25.0,93,11.9
2025-08-14,Mumbai,27.2,25.1,96,13.1
2025-08-15,Mumbai,27.2,25.2,94,14.4
2025-08-16,Mumbai,26.5,24.7,95,14.2
2025-08-17,Mumbai,28.1,25.1,94,20.1
2025-08-18,Mumbai,26.0,25.1,94,23.6
2025-08-19,Mumbai,26.2,25.1,94,30.3
2025-08-20,Mumbai,26.5,24.8,93,27.4
2025-08-21,Mumbai,28.0,25.3,91,25.3
2025-08-22,Mumbai,28.2,25.6,89,22.1
2025-08-23,Mumbai,28.3,24.7,90,25.0
2025-08-24,Mumbai,28.5,25.4,89,24.1
2025-08-25,Mumbai,26.8,24.6,94,22.3
2025-08-26,Mumbai,27.8,24.9,92,17.5
2025-08-27,Mumbai,28.4,25.0,91,12.6
2025-08-28,Mumbai,28.3,25.1,95,11.4
2025-08-29,Mumbai,28.0,25.4,95,12.2
2025-08-30,Mumbai,28.4,25.0,94,12.0
2025-08-31,Mumbai,27.7,25.0,94,18.2
2025-09-01,Mumbai,27.8,25.1,91,21.1
2025-09-02,Mumbai,28.3,24.9,91,15.4
2025-09-03,Mumbai,28.7,24.7,91,16.2
2025-09-04,Mumbai,26.2,24.8,92,12.4
2025-09-05,Mumbai,27.4,24.9,93,17.6
2025-09-06,Mumbai,26.5,24.8,94,19.8
2025-09-07,Mumbai,28.1,24.7,92,17.8
2025-09-08,Mumbai,27.8,24.3,94,17.1
2025-09-09,Mumbai,28.9,24.2,96,10.4
2025-09-10,Mumbai,29.5,24.6,99,11.9
2025-09-11,Mumbai,28.9,24.2,96,11.5
2025-09-12,Mumbai,29.3,24.8,93,12.9
2025-09-13,Mumbai,28.6,25.0,98,14.6
2025-09-14,Mumbai,29.1,24.8,97,15.6
2025-09-15,Mumbai,27.1,24.9,96,16.2
2025-09-16,Mumbai,27.8,25.2,95,11.8
2025-09-17,Mumbai,28.2,24.7,97,9.9
2025-09-18,Mumbai,27.8,24.6,97,9.8
2025-09-19,Mumbai,28.2,24.7,98,11.7
2025-09-20,Mumbai,29.0,24.7,98,11.3
2025-09-21,Mumbai,28.6,24.8,98,13.5
2025-09-22,Mumbai,28.3,24.0,98,12.7
2025-09-23,Mumbai,28.7,24.5,98,16.4
2025-09-24,Mumbai,28.6,25.0,91,11.7
2025-09-25,Mumbai,28.1,24.2,93,10.2
2025-09-26,Mumbai,29.1,24.2,97,12.7
2025-09-27,Mumbai,28.3,24.5,95,14.9
2025-09-28,Mumbai,26.5,25.4,95,31.7
2025-09-29,Mumbai,28.3,25.3,91,26.5
2025-09-30,Mumbai,27.6,24.1,92,20.8
2025-10-01,Mumbai,28.5,24.1,94,21.6
2025-10-02,Mumbai,27.9,24.2,95,22.3
2025-10-03,Mumbai,28.7,24.7,94,15.9
2025-10-04,Mumbai,28.8,24.7,96,12.4
2025-10-05,Mumbai,28.1,24.3,97,10.7
2025-10-06,Mumbai,28.4,24.5,94,12.5
2025-10-07,Mumbai,28.9,24.2,95,13.2
2025-10-08,Mumbai,29.4,24.6,98,13.2
2025-10-09,Mumbai,31.6,24.7,95,10.9
2025-10-10,Mumbai,33.0,24.0,79,10.7
2025-10-11,Mumbai,33.8,24.5,81,12.9
2025-10-12,Mumbai,34.8,24.5,77,12.2
2025-10-13,Mumbai,34.5,24.6,76,14.1
2025-10-14,Mumbai,35.2,24.1,72,14.1
2025-10-15,Mumbai,34.9,24.6,77,7.5
2025-10-16,Mumbai,35.0,26.3,85,16.6
2025-10-17,Mumbai,36.1,26.0,81,12.4
2025-10-18,Mumbai,35.7,26.6,73,12.2
2025-10-19,Mumbai,35.2,26.4,78,11.7
2025-10-20,Mumbai,35.1,26.0,80,14.3
2025-10-21,Mumbai,34.4,26.1,90,11.6
2025-10-22,Mumbai,33.9,26.0,88,11.2
2025-10-23,Mumbai,34.6,26.4,87,13.8
2025-10-24,Mumbai,33.0,27.0,85,13.7
2025-10-25,Mumbai,30.2,25.2,96,14.4
2025-10-26,Mumbai,26.8,24.0,97,17.8
2025-10-27,Mumbai,30.4,23.7,97,20.5
2025-10-28,Mumbai,31.7,25.3,89,16.8
2025-10-29,Mumbai,30.9,25.9,86,18.5
2025-10-30,Mumbai,28.7,24.6,96,20.2
2025-10-31,Mumbai,29.2,24.4,90,24.2
2025-11-01,Mumbai,28.4,25.0,96,19.2
2025-11-02,Mumbai,27.6,25.2,94,16.2
2025-11-03,Mumbai,28.7,23.9,96,12.2
2025-11-04,Mumbai,28.1,24.4,96,13.0
2025-11-05,Mumbai,28.6,23.4,98,9.0
2025-11-06,Mumbai,29.1,22.9,92,12.3
2025-11-07,Mumbai,31.4,23.8,97,12.3
2025-11-08,Mumbai,33.4,22.5,79,11.3
2025-11-09,Mumbai,31.4,21.3,79,12.0
2025-11-10,Mumbai,32.2,20.7,84,11.1
2025-11-11,Mumbai,32.1,21.4,90,12.7
2025-11-12,Mumbai,32.8,21.3,66,13.4
2025-11-13,Mumbai,33.4,21.9,63,13.6
2025-11-14,Mumbai,33.1,21.3,63,10.8
2025-11-15,Mumbai,33.2,20.9,63,11.8
2025-11-16,Mumbai,33.1,20.8,66,12.9
2025-11-17,Mumbai,32.4,20.9,66,15.9
2025-11-18,Mumbai,32.3,19.7,70,14.4
2025-11-19,Mumbai,32.8,18.7,66,12.3
2025-11-20,Mumbai,32.9,19.8,68,12.0
2025-11-21,Mumbai,33.8,20.1,69,11.2
2025-11-22,Mumbai,33.3,22.4,69,9.5
2025-11-23,Mumbai,32.7,23.9,73,11.6
2025-11-24,Mumbai,32.9,23.5,82,12.2
2025-11-25,Mumbai,33.0,23.8,84,9.2
2025-11-26,Mumbai,32.6,24.2,83,11.0
2025-11-27,Mumbai,33.7,23.6,82,13.3
2025-11-28,Mumbai,33.3,22.7,77,12.1
2025-11-29,Mumbai,32.9,23.2,66,11.6
2025-11-30,Mumbai,32.0,20.4,74,13.3
2025-12-01,Mumbai,32.5,19.6,65,13.4
2025-12-02,Mumbai,32.3,19.9,73,12.9
2025-12-03,Mumbai,33.3,20.2,63,12.3
2025-12-04,Mumbai,33.7,21.9,57,13.8
2025-12-05,Mumbai,34.1,23.1,61,13.1
2025-12-06,Mumbai,33.0,23.3,60,13.0
2025-12-07,Mumbai,33.6,21.8,67,13.0
2025-12-08,Mumbai,33.7,20.9,71,13.3
2025-12-09,Mumbai,33.1,20.3,52,11.4
2025-12-10,Mumbai,33.3,20.7,50,12.5
2025-12-11,Mumbai,33.0,20.4,54,12.1
2025-12-12,Mumbai,32.4,18.9,59,12.1
2025-12-13,Mumbai,33.0,19.1,67,13.3
2025-12-14,Mumbai,32.4,19.7,61,14.2
2025-12-15,Mumbai,32.6,19.7,62,12.4
2025-12-16,Mumbai,32.9,19.5,61,14.4
2025-12-17,Mumbai,33.1,20.6,60,12.2
2025-12-18,Mumbai,33.1,20.0,61,11.9
2025-12-19,Mumbai,33.2,19.6,66,15.6
2025-12-20,Mumbai,33.1,19.0,63,13.9
2025-12-21,Mumbai,32.4,19.2,66,12.6
2025-12-22,Mumbai,31.7,18.6,54,14.8
2025-12-23,Mumbai,32.4,19.9,67,15.7
2025-12-24,Mumbai,32.2,20.8,60,14.8
2025-12-25,Mumbai,31.6,19.1,65,13.7
2025-12-26,Mumbai,31.3,19.0,64,15.1
2025-12-27,Mumbai,32.0,19.7,66,13.4
2025-12-28,Mumbai,31.5,20.0,69,12.0
2025-12-29,Mumbai,31.2,19.1,72,11.5
2025-12-30,Mumbai,29.4,18.6,86,11.3
2025-12-31,Mumbai,28.8,18.1,95,13.4
2026-01-01,Mumbai,28.0,20.1,91,13.6
2026-01-02,Mumbai,28.5,20.2,93,14.3
2026-01-03,Mumbai,30.3,20.2,84,12.1
2026-01-04,Mumbai,30.4,21.4,78,12.2
2026-01-05,Mumbai,31.7,21.9,78,12.3
2026-01-06,Mumbai,31.4,21.6,84,13.4
2026-01-07,Mumbai,31.1,19.6,86,12.8
2026-01-08,Mumbai,30.5,19.0,79,13.4
2026-01-09,Mumbai,31.4,17.9,65,13.5
2026-01-10,Mumbai,30.2,19.0,67,16.3
2026-01-11,Mumbai,31.6,18.8,66,14.1
2026-01-12,Mumbai,32.2,20.1,64,11.3
2026-01-13,Mumbai,31.4,22.0,62,9.0
2026-01-14,Mumbai,31.1,22.3,76,15.9
2026-01-15,Mumbai,29.8,18.9,70,13.1
2026-01-16,Mumbai,30.1,19.0,85,11.1
2026-01-17,Mumbai,29.7,18.9,98,12.6
2026-01-18,Mumbai,26.6,19.7,92,14.5
2026-01-19,Mumbai,27.7,18.1,89,16.7
2026-01-20,Mumbai,28.2,17.8,76,11.4
2026-01-21,Mumbai,31.0,19.3,83,13.7
2026-01-22,Mumbai,30.2,20.5,92,14.5
2026-01-23,Mumbai,28.1,20.4,97,17.1
2026-01-24,Mumbai,28.8,18.8,79,15.2
2026-01-25,Mumbai,30.1,19.0,82,10.6
2026-01-26,Mumbai,31.0,19.8,89,8.8
2026-01-27,Mumbai,27.6,21.8,93,16.4
2026-01-28,Mumbai,29.8,19.8,83,13.6
2026-01-29,Mumbai,32.5,19.7,63,11.2
2026-01-30,Mumbai,31.6,23.0,87,13.6
2026-01-31,Mumbai,28.8,22.1,97,14.9
2026-02-01,Mumbai,31.8,21.3,94,13.1
2026-02-02,Mumbai,33.2,21.5,74,12.4
2026-02-03,Mumbai,32.3,21.7,69,12.7
2026-02-04,Mumbai,33.8,21.9,65,14.2
2026-02-05,Mumbai,33.9,22.6,62,14.0
2026-02-06,Mumbai,33.7,22.2,67,18.1
2026-02-07,Mumbai,33.3,21.7,59,13.2
2026-02-08,Mumbai,33.5,21.9,61,12.3
2026-02-09,Mumbai,31.1,21.6,73,13.5
2026-02-10,Mumbai,30.5,21.8,71,15.0
2026-02-11,Mumbai,33.9,22.0,66,15.2
2026-02-12,Mumbai,32.7,22.0,70,13.7
2026-02-13,Mumbai,33.1,21.9,73,12.1
2026-02-14,Mumbai,34.6,22.1,70,14.4
2026-02-15,Mumbai,34.5,23.0,63,14.7
2026-02-16,Mumbai,32.0,22.8,68,13.7
2026-02-17,Mumbai,30.3,22.6,78,14.9
2026-02-18,Mumbai,28.5,21.6,82,15.8
2026-02-19,Mumbai,30.4,21.3,84,13.4
2026-02-20,Mumbai,32.7,23.0,83,11.9
2026-02-21,Mumbai,35.8,23.8,69,11.5
2026-02-22,Mumbai,34.2,23.1,73,13.3
2026-02-23,Mumbai,34.0,23.9,75,12.5
2026-02-24,Mumbai,32.5,23.4,76,13.4
2026-02-25,Mumbai,31.9,23.1,82,13.5
2026-02-26,Mumbai,29.8,22.1,93,14.0
2026-02-27,Mumbai,29.8,22.1,90,13.4
2026-02-28,Mumbai,30.2,21.9,84,15.9
2026-03-01,Mumbai,30.3,21.5,86,14.7
2026-03-02,Mumbai,30.4,21.7,92,16.3
2026-03-03,Mumbai,34.2,23.6,77,18.0
2026-03-04,Mumbai,38.1,25.4,49,19.8
2026-03-05,Mumbai,38.0,25.7,42,22.6
2026-03-06,Mumbai,34.6,25.2,68,18.1
2026-03-07,Mumbai,32.2,23.2,85,16.9
2026-03-08,Mumbai,35.5,24.0,74,17.8
2026-03-09,Mumbai,38.8,25.1,50,18.5
2026-03-10,Mumbai,39.8,27.4,60,14.9
2026-03-11,Mumbai,33.2,25.1,87,15.0
2026-03-12,Mumbai,34.0,24.1,98,15.6
2026-03-13,Mumbai,37.7,25.1,73,19.1
2026-03-14,Mumbai,33.7,25.2,80,13.0
2026-03-15,Mumbai,31.8,23.6,94,14.0
2026-03-16,Mumbai,31.5,23.9,94,14.5
2026-03-17,Mumbai,31.1,23.7,96,14.2
2026-03-18,Mumbai,30.8,22.8,95,15.1
2026-03-19,Mumbai,30.4,23.3,87,13.0
2026-03-20,Mumbai,31.0,23.2,84,16.4
2026-03-21,Mumbai,33.9,23.8,74,21.9
2026-03-22,Mumbai,35.9,24.3,52,17.7
2026-03-23,Mumbai,36.3,25.0,56,15.0
2026-03-24,Mumbai,35.8,26.2,72,18.5
2026-03-25,Mumbai,34.1,25.4,80,15.1
2026-03-26,Mumbai,35.5,26.4,72,17.4
2026-03-27,Mumbai,36.8,27.5,79,15.9
2026-03-28,Mumbai,31.9,26.0,88,16.5
2026-03-29,Mumbai,31.3,25.4,93,14.9
2026-03-30,Mumbai,32.7,25.0,94,16.6
2026-03-31,Mumbai,32.5,25.7,94,17.6
2026-04-01,Mumbai,31.1,25.6,93,16.7
2026-04-02,Mumbai,31.6,24.3,90,15.5
2026-04-03,Mumbai,32.5,24.4,83,16.3
2026-04-04,Mumbai,32.1,24.9,83,17.0
2026-04-05,Mumbai,30.2,25.5,81,15.9
2026-04-06,Mumbai,30.7,24.3,75,16.0
2026-04-07,Mumbai,31.4,24.9,78,13.4
2026-04-08,Mumbai,31.7,26.9,76,14.1
2026-04-09,Mumbai,31.9,25.2,90,15.0
2026-04-10,Mumbai,33.4,25.4,77,16.8
2026-04-11,Mumbai,33.5,26.3,86,15.1
2026-04-12,Mumbai,34.7,25.0,85,14.9
2026-04-13,Mumbai,32.2,25.5,93,13.8
2026-04-14,Mumbai,34.8,25.4,97,18.0
2026-04-15,Mumbai,34.0,25.2,91,15.9
2026-04-16,Mumbai,32.5,25.2,95,13.0
2026-04-17,Mumbai,32.6,24.8,94,15.5
2026-04-18,Mumbai,34.3,25.7,94,16.8
2026-04-19,Mumbai,34.3,27.2,72,18.4
2026-04-20,Mumbai,35.1,26.8,79,14.9
2026-04-21,Mumbai,35.4,26.4,87,18.3
2026-04-22,Mumbai,33.9,26.7,71,16.7
2026-04-23,Mumbai,36.1,26.4,68,17.4
2026-04-24,Mumbai,37.3,27.7,71,15.2
2026-04-25,Mumbai,37.3,27.9,64,15.8
2026-04-26,Mumbai,34.7,27.8,86,12.8
2026-04-27,Mumbai,32.8,27.6,92,15.8
2026-04-28,Mumbai,33.3,27.2,91,14.4
2026-04-29,Mumbai,33.1,26.8,93,16.9
2026-04-30,Mumbai,32.7,27.0,93,14.8
2026-05-01,Mumbai,32.5,28.2,83,17.1
2026-05-02,Mumbai,32.7,27.7,85,15.1
2026-05-03,Mumbai,32.9,28.5,80,14.8
2026-05-04,Mumbai,32.9,28.4,78,16.3
2026-05-05,Mumbai,33.0,28.6,81,14.4
2026-05-06,Mumbai,33.0,27.3,85,18.4
2026-05-07,Mumbai,33.8,27.0,95,14.7
2026-05-08,Mumbai,35.1,27.6,92,18.3
2026-05-09,Mumbai,36.3,27.9,93,17.4
2026-05-10,Mumbai,36.2,27.3,90,18.2
2026-05-11,Mumbai,37.9,28.9,81,20.9
2026-05-12,Mumbai,34.5,28.4,87,17.7
2026-05-13,Mumbai,33.2,29.5,83,15.0
2026-05-14,Mumbai,33.6,29.2,79,16.9
2026-05-15,Mumbai,33.0,29.1,80,15.0
2026-05-16,Mumbai,33.9,28.8,81,18.7
2026-05-17,Mumbai,33.4,28.6,85,17.6
2026-05-18,Mumbai,33.4,28.2,86,16.9
2026-05-19,Mumbai,32.6,28.3,84,14.5
2026-05-20,Mumbai,33.1,28.6,76,13.7
2026-05-21,Mumbai,33.9,29.5,76,15.9
2026-05-22,Mumbai,33.5,29.5,80,12.0
2026-05-23,Mumbai,33.5,29.6,82,10.9
2026-05-24,Mumbai,34.0,29.7,78,15.3
2026-05-25,Mumbai,33.9,28.8,86,16.3
2026-05-26,Mumbai,33.8,28.8,81,13.1
2026-05-27,Mumbai,34.4,29.1,84,13.7
2026-05-28,Mumbai,34.4,29.9,75,14.7
2026-05-29,Mumbai,34.2,30.0,74,14.7
2026-05-30,Mumbai,34.6,29.8,80,15.9
2026-05-31,Mumbai,34.2,28.5,84,15.1
2026-06-01,Mumbai,34.1,29.7,76,15.0
2026-06-02,Mumbai,34.2,25.0,91,16.0
2026-06-03,Mumbai,32.5,25.2,88,14.1
2026-06-04,Mumbai,32.9,28.1,81,14.2
2026-06-05,Mumbai,33.4,28.6,85,14.6
2026-06-06,Mumbai,34.0,27.7,94,14.8
2026-06-07,Mumbai,33.8,29.8,80,13.6
2026-06-08,Mumbai,33.7,26.8,89,17.1
2026-06-09,Mumbai,33.5,28.0,89,18.4
2026-06-10,Mumbai,33.3,28.0,83,17.8
2026-06-11,Mumbai,33.6,29.7,75,17.6
2026-06-12,Mumbai,33.9,30.0,76,17.6
2026-06-13,Mumbai,33.8,29.8,76,19.7
2026-06-14,Mumbai,33.6,29.4,79,19.0
2026-06-15,Mumbai,32.3,29.3,71,18.6
2026-06-16,Mumbai,33.2,28.9,76,16.8
2026-06-17,Mumbai,33.5,29.1,72,19.5
2026-06-18,Mumbai,33.5,28.9,73,15.5
2026-06-19,Mumbai,33.4,29.5,67,16.5
2026-06-20,Mumbai,33.5,29.5,69,14.3
2026-06-21,Mumbai,32.8,29.5,72,13.1
2026-06-22,Mumbai,31.8,25.4,97,13.6
2026-06-23,Mumbai,27.6,25.6,95,11.7
2026-06-24,Mumbai,27.7,24.9,99,12.0
2026-06-25,Mumbai,29.7,25.9,89,15.3
2026-06-26,Mumbai,30.3,26.2,92,15.3
2026-06-27,Mumbai,31.1,26.9,90,11.2
2026-06-28,Mumbai,30.6,25.7,95,13.0
2026-06-29,Mumbai,28.4,25.7,95,12.4
2026-06-30,Mumbai,28.6,25.1,95,20.7
2026-07-01,Mumbai,27.3,25.0,94,21.4
2026-07-02,Mumbai,27.6,25.3,94,19.8
2026-07-03,Mumbai,27.3,25.2,94,18.8
2026-07-04,Mumbai,27.3,25.8,95,19.1
2026-07-05,Mumbai,27.0,25.9,94,30.3
2026-07-06,Mumbai,27.6,26.4,92,34.6
2026-07-07,Mumbai,28.1,25.6,92,26.5
2026-07-08,Mumbai,29.2,26.2,92,27.8
2026-07-09,Mumbai,29.2,26.8,89,20.7
2026-07-10,Mumbai,30.2,26.7,89,18.0
2026-07-11,Mumbai,29.7,27.2,90,21.5
2026-07-12,Mumbai,30.0,27.5,88,23.2
2026-07-13,Mumbai,30.2,27.6,84,20.3
2026-07-14,Mumbai,30.1,27.3,84,16.1
2026-07-15,Mumbai,29.4,23.6,97,19.6
2026-07-16,Mumbai,29.6,25.9,93,12.5
2026-07-17,Mumbai,30.3,24.8,95,16.9
2026-07-18,Mumbai,30.6,25.9,96,21.8
2026-07-19,Mumbai,28.6,25.1,93,18.1
2026-07-20,Mumbai,28.9,25.3,94,24.0
2026-07-21,Mumbai,29.0,24.8,96,23.7
2026-07-22,Mumbai,27.9,25.6,91,34.0
2026-07-23,Mumbai,28.1,25.7,91,33.5
2026-07-24,Mumbai,28.6,25.0,93,30.1
2026-07-25,Mumbai,29.6,25.4,95,24.3
2026-07-26,Mumbai,29.1,25.3,94,17.2
2026-07-27,Mumbai,29.0,25.8,93,18.2
2026-07-28,Mumbai,29.6,25.8,95,21.9
2026-07-29,Mumbai,29.5,26.5,91,25.1
2026-07-30,Mumbai,28.2,26.4,92,20.2
2026-07-31,Mumbai,28.4,26.8,92,23.7
2026-08-01,Mumbai,28.8,26.6,90,25.3
2026-08-02,Mumbai,29.2,26.3,91,22.1
2026-08-03,Mumbai,29.5,25.9,92,19.3
2026-08-04,Mumbai,29.4,25.6,91,18.8
2026-08-05,Mumbai,28.3,25.4,93,17.5
2026-08-06,Mumbai,29.3,26.0,94,20.2
2026-08-07,Mumbai,29.7,26.8,89,21.2
2026-08-08,Mumbai,29.2,26.2,89,18.5
2026-08-09,Mumbai,29.6,26.5,88,17.7
2026-08-10,Mumbai,29.3,25.5,92,19.0
2021-08-10,Pune,27.7,21.3,96,20.3
2021-08-11,Pune,27.1,21.6,93,21.3
2021-08-12,Pune,26.9,21.4,94,22.0
2021-08-13,Pune,27.4,21.4,92,21.6
2021-08-14,Pune,26.5,21.4,93,22.4
2021-08-15,Pune,27.1,21.5,93,22.5
2021-08-16,Pune,26.3,21.6,93,16.2
2021-08-17,Pune,24.1,21.5,95,14.1
2021-08-18,Pune,24.7,21.3,95,19.4
2021-08-19,Pune,22.9,21.2,95,17.4
2021-08-20,Pune,25.4,21.2,95,15.8
2021-08-21,Pune,26.4,21.3,94,21.9
2021-08-22,Pune,27.3,21.1,97,18.0
2021-08-23,Pune,28.9,20.0,98,16.7
2021-08-24,Pune,29.3,20.7,98,17.4
2021-08-25,Pune,28.1,20.9,98,20.5
2021-08-26,Pune,27.2,21.1,95,21.0
2021-08-27,Pune,28.4,21.3,96,18.9
2021-08-28,Pune,27.4,20.8,98,18.1
2021-08-29,Pune,27.0,20.6,97,18.4
2021-08-30,Pune,25.4,21.3,95,17.4
2021-08-31,Pune,23.6,21.4,96,18.5
2021-09-01,Pune,26.3,21.6,95,21.4
2021-09-02,Pune,26.8,21.5,95,20.9
2021-09-03,Pune,27.4,21.1,96,21.3
2021-09-04,Pune,27.1,22.0,96,19.5
2021-09-05,Pune,24.6,21.8,96,17.4
2021-09-06,Pune,26.4,21.6,96,14.8
2021-09-07,Pune,26.0,21.9,98,13.1
2021-09-08,Pune,25.3,21.8,96,26.9
2021-09-09,Pune,26.5,22.2,92,30.1
2021-09-10,Pune,26.9,22.2,92,27.9
2021-09-11,Pune,26.4,22.0,92,24.5
2021-09-12,Pune,26.3,22.4,93,23.2
2021-09-13,Pune,26.5,22.4,94,28.9
2021-09-14,Pune,26.8,22.1,94,26.7
2021-09-15,Pune,26.3,21.6,91,23.3
2021-09-16,Pune,27.1,21.3,92,21.3
2021-09-17,Pune,26.9,20.7,95,21.0
2021-09-18,Pune,26.9,20.6,96,19.2
2021-09-19,Pune,27.2,21.1,97,15.8
2021-09-20,Pune,26.9,21.7,97,16.6
2021-09-21,Pune,25.4,21.7,96,18.6
2021-09-22,Pune,25.5,21.8,95,20.3
2021-09-23,Pune,27.0,21.5,96,18.4
2021-09-24,Pune,28.0,21.6,95,15.1
2021-09-25,Pune,27.6,20.7,97,15.7
2021-09-26,Pune,26.7,20.6,97,16.8
2021-09-27,Pune,24.6,21.3,97,15.2
2021-09-28,Pune,24.4,21.2,96,20.6
2021-09-29,Pune,26.9,21.8,94,23.2
2021-09-30,Pune,28.0,21.0,97,16.6
2021-10-01,Pune,29.2,20.8,99,13.7
2021-10-02,Pune,28.5,21.6,99,10.6
2021-10-03,Pune,29.4,21.2,99,10.4
2021-10-04,Pune,29.4,21.9,100,9.3
2021-10-05,Pune,29.7,21.8,100,10.2
2021-10-06,Pune,29.3,21.2,98,11.7
2021-10-07,Pune,29.7,21.4,98,16.2
2021-10-08,Pune,28.3,21.7,98,10.2
2021-10-09,Pune,28.4,21.6,98,14.6
2021-10-10,Pune,27.9,21.9,98,11.0
2021-10-11,Pune,28.4,21.0,98,11.2
2021-10-12,Pune,28.9,20.6,100,12.3
2021-10-13,Pune,29.6,20.8,90,14.0
2021-10-14,Pune,29.6,20.1,85,11.9
2021-10-15,Pune,29.8,21.1,80,10.6
2021-10-16,Pune,29.5,18.2,91,7.1
2021-10-17,Pune,30.0,20.7,90,15.5
2021-10-18,Pune,28.4,20.0,97,20.2
2021-10-19,Pune,28.7,19.7,98,13.2
2021-10-20,Pune,29.7,18.6,100,7.9
2021-10-21,Pune,29.7,19.2,74,11.0
2021-10-22,Pune,29.6,19.0,75,9.4
2021-10-23,Pune,30.1,16.9,90,8.6
2021-10-24,Pune,29.4,18.7,98,12.0
2021-10-25,Pune,30.0,17.2,100,14.2
2021-10-26,Pune,30.2,19.5,83,11.3
2021-10-27,Pune,30.4,17.5,63,16.1
2021-10-28,Pune,30.5,16.7,76,19.0
2021-10-29,Pune,30.0,16.4,83,14.4
2021-10-30,Pune,30.4,17.6,63,13.1
2021-10-31,Pune,30.9,18.5,73,11.5
2021-11-01,Pune,31.1,19.0,82,9.8
2021-11-02,Pune,31.4,18.6,87,14.4
2021-11-03,Pune,30.2,19.6,71,16.3
2021-11-04,Pune,29.6,20.7,86,15.1
2021-11-05,Pune,29.8,20.1,95,15.5
2021-11-06,Pune,30.8,20.2,95,16.6
2021-11-07,Pune,30.2,20.3,87,18.9
2021-11-08,Pune,29.9,18.3,74,16.0
2021-11-09,Pune,29.6,16.4,68,16.3
2021-11-10,Pune,29.2,15.4,74,13.8
2021-11-11,Pune,29.5,16.9,65,15.7
2021-11-12,Pune,30.2,17.0,59,15.8
2021-11-13,Pune,31.1,19.3,75,13.7
2021-11-14,Pune,31.0,22.1,87,14.1
2021-11-15,Pune,31.3,21.4,94,14.1
2021-11-16,Pune,31.9,22.4,87,21.3
2021-11-17,Pune,29.7,21.6,98,22.1
2021-11-18,Pune,28.9,20.7,98,17.1
2021-11-19,Pune,29.4,19.5,98,17.3
2021-11-20,Pune,30.1,21.2,97,21.7
2021-11-21,Pune,29.0,21.2,97,20.3
2021-11-22,Pune,28.7,20.9,99,11.3
2021-11-23,Pune,29.8,20.5,100,11.6
2021-11-24,Pune,30.2,20.8,96,15.5
2021-11-25,Pune,29.8,19.5,95,10.2
2021-11-26,Pune,29.7,17.9,92,11.4
2021-11-27,Pune,29.4,17.5,83,15.1
2021-11-28,Pune,28.6,16.2,80,16.9
2021-11-29,Pune,27.5,14.7,77,19.2
2021-11-30,Pune,28.4,18.7,96,20.5
2021-12-01,Pune,20.8,17.5,96,15.3
2021-12-02,Pune,24.0,16.4,99,16.7
2021-12-03,Pune,23.2,18.3,100,8.4
2021-12-04,Pune,25.0,18.7,100,10.7
2021-12-05,Pune,26.3,17.3,100,7.2
2021-12-06,Pune,26.6,16.5,100,7.7
2021-12-07,Pune,26.6,16.1,96,15.2
2021-12-08,Pune,26.6,16.9,87,11.0
2021-12-09,Pune,26.9,15.6,91,12.5
2021-12-10,Pune,27.2,16.0,93,13.0
2021-12-11,Pune,27.0,15.7,92,15.3
2021-12-12,Pune,26.9,14.9,90,12.8
2021-12-13,Pune,27.2,15.0,94,7.6
2021-12-14,Pune,26.9,15.1,91,8.5
2021-12-15,Pune,27.0,17.1,87,10.7
2021-12-16,Pune,27.0,17.0,96,9.2
2021-12-17,Pune,26.8,15.7,93,9.0
2021-12-18,Pune,26.4,13.4,87,9.7
2021-12-19,Pune,25.8,13.2,91,15.0
2021-12-20,Pune,26.2,12.7,90,10.5
2021-12-21,Pune,26.9,13.4,83,9.4
2021-12-22,Pune,27.5,14.2,90,11.1
2021-12-23,Pune,28.7,14.3,91,9.0
2021-12-24,Pune,29.2,13.7,95,14.0
2021-12-25,Pune,28.4,13.5,96,9.4
2021-12-26,Pune,28.4,13.6,99,9.0
2021-12-27,Pune,28.4,15.8,85,8.6
2021-12-28,Pune,28.6,15.2,90,14.7
2021-12-29,Pune,26.1,12.9,93,8.4
2021-12-30,Pune,26.6,14.4,92,17.3
2021-12-31,Pune,27.1,15.5,96,17.4
2022-01-01,Pune,27.4,14.2,94,11.5
2022-01-02,Pune,27.2,16.2,94,13.0
2022-01-03,Pune,28.0,16.3,91,11.2
2022-01-04,Pune,27.9,16.9,87,10.9
2022-01-05,Pune,27.7,15.0,87,8.7
2022-01-06,Pune,27.9,15.3,100,9.4
2022-01-07,Pune,28.2,15.4,100,18.8
2022-01-08,Pune,26.1,15.0,96,15.9
2022-01-09,Pune,25.0,15.6,100,14.6
2022-01-10,Pune,26.0,13.1,85,13.5
2022-01-11,Pune,25.4,11.8,98,13.3
2022-01-12,Pune,24.4,12.5,94,11.6
2022-01-13,Pune,24.9,12.0,100,12.3
2022-01-14,Pune,24.9,13.3,100,8.0
2022-01-15,Pune,26.1,13.4,96,13.5
2022-01-16,Pune,27.3,13.7,92,15.9
2022-01-17,Pune,26.9,15.5,90,15.0
2022-01-18,Pune,27.2,15.6,91,8.8
2022-01-19,Pune,28.1,15.5,79,8.6
2022-01-20,Pune,28.9,15.5,75,14.8
2022-01-21,Pune,29.1,14.1,92,14.6
2022-01-22,Pune,26.4,15.7,93,23.1
2022-01-23,Pune,22.9,13.0,95,20.8
2022-01-24,Pune,22.4,9.5,100,10.9
2022-01-25,Pune,25.1,10.4,88,12.1
2022-01-26,Pune,25.9,9.9,89,10.7
2022-01-27,Pune,26.3,12.0,77,12.7
2022-01-28,Pune,26.7,12.4,79,13.3
2022-01-29,Pune,27.5,12.2,67,11.2
2022-01-30,Pune,28.8,12.0,80,8.3
2022-01-31,Pune,29.7,14.2,77,10.0
2022-02-01,Pune,30.2,13.5,73,10.1
2022-02-02,Pune,31.5,13.7,82,14.4
2022-02-03,Pune,28.6,14.8,95,19.0
2022-02-04,Pune,26.6,14.4,98,12.2
2022-02-05,Pune,29.4,12.9,92,11.6
2022-02-06,Pune,30.3,12.8,85,11.3
2022-02-07,Pune,30.3,14.8,88,12.3
2022-02-08,Pune,29.9,14.7,95,17.7
2022-02-09,Pune,28.9,13.6,96,13.7
2022-02-10,Pune,29.2,14.0,89,14.1
2022-02-11,Pune,29.3,14.7,67,15.2
2022-02-12,Pune,30.0,16.4,54,10.1
2022-02-13,Pune,30.2,16.1,68,15.0
2022-02-14,Pune,29.9,15.4,64,15.6
2022-02-15,Pune,29.5,14.1,72,16.3
2022-02-16,Pune,29.5,14.0,85,18.5
2022-02-17,Pune,29.9,15.0,88,14.6
2022-02-18,Pune,30.9,14.9,67,18.9
2022-02-19,Pune,32.3,17.5,67,15.6
2022-02-20,Pune,32.6,18.0,55,16.3
2022-02-21,Pune,32.6,15.8,68,11.4
2022-02-22,Pune,34.1,17.3,54,10.8
2022-02-23,Pune,34.5,16.6,66,10.0
2022-02-24,Pune,33.6,18.6,60,14.1
2022-02-25,Pune,33.3,20.4,52,14.8
2022-02-26,Pune,34.2,18.0,49,17.4
2022-02-27,Pune,33.2,18.5,47,15.8
2022-02-28,Pune,33.5,17.9,50,16.8
2022-03-01,Pune,33.2,19.2,34,13.2
2022-03-02,Pune,34.7,18.5,55,12.2
2022-03-03,Pune,34.3,19.0,42,15.1
2022-03-04,Pune,33.9,20.3,44,11.2
2022-03-05,Pune,34.5,19.5,56,15.6
2022-03-06,Pune,33.9,20.5,46,13.3
2022-03-07,Pune,33.6,21.0,50,16.0
2022-03-08,Pune,33.4,21.9,51,13.8
2022-03-09,Pune,33.1,20.4,64,16.7
2022-03-10,Pune,32.7,19.1,72,11.4
2022-03-11,Pune,33.2,19.4,68,19.8
2022-03-12,Pune,33.1,19.0,69,12.9
2022-03-13,Pune,34.8,19.8,63,14.5
2022-03-14,Pune,35.1,20.8,34,14.8
2022-03-15,Pune,36.4,21.2,36,17.7
2022-03-16,Pune,37.2,19.5,48,16.3
2022-03-17,Pune,37.7,22.1,38,16.8
2022-03-18,Pune,38.3,21.4,39,16.7
2022-03-19,Pune,37.9,21.6,69,23.0
2022-03-20,Pune,36.5,22.1,74,20.0
2022-03-21,Pune,37.0,21.1,74,15.4
2022-03-22,Pune,37.4,21.5,66,16.3
2022-03-23,Pune,36.7,23.7,40,18.2
2022-03-24,Pune,37.3,24.0,80,24.1
2022-03-25,Pune,36.0,22.3,93,13.8
2022-03-26,Pune,37.3,23.0,88,16.2
2022-03-27,Pune,38.8,21.0,71,17.0
2022-03-28,Pune,38.6,22.1,75,15.1
2022-03-29,Pune,39.3,22.4,62,19.9
2022-03-30,Pune,38.7,21.4,42,18.5
2022-03-31,Pune,38.0,22.4,32,20.2
2022-04-01,Pune,38.5,19.9,46,19.2
2022-04-02,Pune,38.4,21.4,68,21.6
2022-04-03,Pune,39.7,21.0,64,21.3
2022-04-04,Pune,41.8,21.5,75,29.1
2022-04-05,Pune,39.8,22.7,81,26.4
2022-04-06,Pune,40.2,22.7,75,23.2
2022-04-07,Pune,39.0,22.6,83,21.3
2022-04-08,Pune,40.1,23.0,69,28.9
2022-04-09,Pune,39.3,23.3,74,21.6
2022-04-10,Pune,39.0,23.0,81,29.4
2022-04-11,Pune,39.0,22.3,71,21.6
2022-04-12,Pune,39.5,23.9,56,14.1
2022-04-13,Pune,39.2,24.2,43,13.7
2022-04-14,Pune,39.1,24.9,75,24.8
2022-04-15,Pune,37.8,22.0,85,18.1
2022-04-16,Pune,38.7,20.9,61,21.7
2022-04-17,Pune,38.5,20.5,87,23.0
2022-04-18,Pune,39.4,21.4,77,27.6
2022-04-19,Pune,38.7,21.8,83,26.1
2022-04-20,Pune,39.0,22.3,83,23.1
2022-04-21,Pune,39.2,24.8,52,15.1
2022-04-22,Pune,38.3,24.4,42,14.1
2022-04-23,Pune,36.4,25.1,75,16.0
2022-04-24,Pune,38.8,25.2,81,13.3
2022-04-25,Pune,38.7,24.2,68,23.0
2022-04-26,Pune,39.8,23.9,64,21.1
2022-04-27,Pune,40.3,24.4,57,13.2
2022-04-28,Pune,40.9,24.9,66,19.7
2022-04-29,Pune,40.0,23.8,91,22.9
2022-04-30,Pune,37.8,24.4,65,20.7
2022-05-01,Pune,38.3,22.4,76,21.2
2022-05-02,Pune,36.9,21.7,92,20.9
2022-05-03,Pune,37.0,21.3,94,21.4
2022-05-04,Pune,38.9,21.6,93,21.3
2022-05-05,Pune,39.5,21.9,79,29.7
2022-05-06,Pune,38.3,22.2,74,23.8
2022-05-07,Pune,38.8,22.3,88,20.9
2022-05-08,Pune,40.3,23.8,78,29.0
2022-05-09,Pune,37.3,24.8,77,26.3
2022-05-10,Pune,36.7,23.7,86,23.7
2022-05-11,Pune,35.7,23.2,83,24.7
2022-05-12,Pune,33.3,24.4,83,22.6
2022-05-13,Pune,34.7,23.8,88,20.3
2022-05-14,Pune,36.5,22.0,93,21.9
2022-05-15,Pune,37.1,22.1,91,18.6
2022-05-16,Pune,40.0,23.2,89,23.7
2022-05-17,Pune,37.0,22.9,89,19.8
2022-05-18,Pune,37.2,22.1,92,19.8
2022-05-19,Pune,37.1,24.0,84,25.5
2022-05-20,Pune,33.0,23.5,94,21.6
2022-05-21,Pune,34.3,23.0,83,27.9
2022-05-22,Pune,33.1,23.1,85,28.1
2022-05-23,Pune,34.1,23.5,88,26.2
2022-05-24,Pune,34.2,23.2,89,22.0
2022-05-25,Pune,34.7,23.1,90,19.6
2022-05-26,Pune,35.2,21.9,93,20.2
2022-05-27,Pune,34.3,22.4,88,21.5
2022-05-28,Pune,33.6,22.1,89,23.9
2022-05-29,Pune,33.4,22.4,88,23.7
2022-05-30,Pune,34.8,21.9,91,20.5
2022-05-31,Pune,35.7,22.0,92,23.0
2022-06-01,Pune,35.4,24.1,83,19.8
2022-06-02,Pune,34.1,23.2,86,18.7
2022-06-03,Pune,35.5,22.5,87,19.5
2022-06-04,Pune,36.4,22.6,88,19.8
2022-06-05,Pune,37.9,23.4,91,19.7
2022-06-06,Pune,35.6,23.8,89,17.6
2022-06-07,Pune,33.5,23.1,84,19.2
2022-06-08,Pune,34.6,22.8,90,16.9
2022-06-09,Pune,33.5,24.3,89,14.3
2022-06-10,Pune,34.6,22.9,91,21.0
2022-06-11,Pune,31.2,23.3,89,21.0
2022-06-12,Pune,29.9,22.8,90,17.5
2022-06-13,Pune,32.0,22.6,91,20.3
2022-06-14,Pune,33.2,22.4,92,20.7
2022-06-15,Pune,32.8,22.8,92,21.5
2022-06-16,Pune,32.3,22.8,91,19.3
2022-06-17,Pune,32.5,22.7,92,18.6
2022-06-18,Pune,31.5,22.9,91,19.7
2022-06-19,Pune,30.9,23.4,88,21.5
2022-06-20,Pune,27.7,22.1,94,24.2
2022-06-21,Pune,27.8,22.0,94,21.7
2022-06-22,Pune,31.0,22.1,98,16.1
2022-06-23,Pune,29.3,21.4,98,13.4
2022-06-24,Pune,30.2,21.7,98,14.3
2022-06-25,Pune,27.4,22.4,95,14.7
2022-06-26,Pune,26.0,21.6,96,21.4
2022-06-27,Pune,26.0,22.4,94,25.3
2022-06-28,Pune,27.9,22.1,92,22.9
2022-06-29,Pune,29.1,22.7,91,19.5
2022-06-30,Pune,29.1,22.7,90,21.9
2022-07-01,Pune,27.0,22.6,91,25.6
2022-07-02,Pune,27.5,22.5,89,28.0
2022-07-03,Pune,27.0,22.6,89,24.7
2022-07-04,Pune,27.1,22.3,90,21.6
2022-07-05,Pune,25.4,22.3,93,22.9
2022-07-06,Pune,25.0,22.3,93,21.6
2022-07-07,Pune,25.8,22.4,93,26.9
2022-07-08,Pune,24.2,21.8,93,24.2
2022-07-09,Pune,23.6,21.0,93,23.5
2022-07-10,Pune,23.8,21.0,94,25.4
2022-07-11,Pune,22.4,20.9,94,23.1
2022-07-12,Pune,24.2,21.0,93,28.2
2022-07-13,Pune,23.1,21.0,94,27.8
2022-07-14,Pune,24.5,21.4,92,28.6
2022-07-15,Pune,25.5,22.3,91,28.7
2022-07-16,Pune,26.7,22.4,93,28.0
2022-07-17,Pune,27.3,22.3,92,27.3
2022-07-18,Pune,25.4,21.9,94,22.7
2022-07-19,Pune,25.1,21.7,93,24.0
2022-07-20,Pune,26.3,21.5,95,23.4
2022-07-21,Pune,27.7,21.5,95,22.0
2022-07-22,Pune,27.1,21.5,93,22.1
2022-07-23,Pune,25.7,21.9,93,24.3
2022-07-24,Pune,25.0,21.6,94,19.1
2022-07-25,Pune,24.9,21.8,94,18.4
2022-07-26,Pune,27.9,21.7,96,17.3
2022-07-27,Pune,27.0,21.6,98,14.7
2022-07-28,Pune,28.6,20.9,99,11.0
2022-07-29,Pune,29.3,21.8,98,10.5
2022-07-30,Pune,28.3,22.2,98,12.1
2022-07-31,Pune,29.1,20.9,100,17.4
2022-08-01,Pune,28.1,21.2,98,19.1
2022-08-02,Pune,28.0,21.8,95,17.1
2022-08-03,Pune,29.1,22.0,96,16.5
2022-08-04,Pune,29.0,21.9,99,14.8
2022-08-05,Pune,27.5,22.0,98,11.8
2022-08-06,Pune,27.2,22.0,95,21.0
2022-08-07,Pune,26.8,22.4,93,20.0
2022-08-08,Pune,25.4,22.2,94,23.4
2022-08-09,Pune,25.0,22.5,91,25.6
2022-08-10,Pune,25.6,22.1,90,31.7
2022-08-11,Pune,25.7,22.4,90,34.5
2022-08-12,Pune,25.7,22.2,89,34.4
2022-08-13,Pune,26.0,22.2,90,30.9
2022-08-14,Pune,26.3,22.2,89,29.2
2022-08-15,Pune,26.0,21.8,92,25.5
2022-08-16,Pune,24.8,21.8,92,27.8
2022-08-17,Pune,26.0,21.7,92,28.0
2022-08-18,Pune,26.5,21.8,91,27.9
2022-08-19,Pune,26.5,21.2,94,25.7
2022-08-20,Pune,26.5,21.8,93,26.4
2022-08-21,Pune,26.3,21.6,94,25.6
2022-08-22,Pune,25.7,22.1,91,31.0
2022-08-23,Pune,26.2,22.1,91,27.3
2022-08-24,Pune,26.4,21.5,92,23.8
2022-08-25,Pune,27.4,21.0,95,17.6
2022-08-26,Pune,27.7,20.9,96,18.5
2022-08-27,Pune,27.9,20.6,97,18.8
2022-08-28,Pune,28.3,19.9,98,16.0
2022-08-29,Pune,28.9,20.4,99,14.1
2022-08-30,Pune,29.7,20.5,98,11.7
2022-08-31,Pune,29.9,21.5,97,15.8
2022-09-01,Pune,28.4,21.3,99,12.2
2022-09-02,Pune,29.9,20.5,99,13.3
2022-09-03,Pune,30.4,20.9,100,13.7
2022-09-04,Pune,28.3,22.2,97,15.5
2022-09-05,Pune,25.8,22.1,98,10.7
2022-09-06,Pune,27.4,21.4,98,13.9
2022-09-07,Pune,28.8,21.0,99,12.1
2022-09-08,Pune,27.4,21.5,100,9.4
2022-09-09,Pune,28.3,21.6,100,13.6
2022-09-10,Pune,27.5,20.6,100,13.1
2022-09-11,Pune,29.4,21.6,99,11.5
2022-09-12,Pune,27.4,21.6,98,14.8
2022-09-13,Pune,25.2,22.4,93,23.9
2022-09-14,Pune,26.5,22.3,91,26.8
2022-09-15,Pune,26.3,22.0,90,33.5
2022-09-16,Pune,25.3,21.6,94,27.3
2022-09-17,Pune,26.8,21.2,95,20.3
2022-09-18,Pune,26.7,21.1,94,19.0
2022-09-19,Pune,25.3,20.4,95,21.6
2022-09-20,Pune,23.8,20.7,95,16.2
2022-09-21,Pune,26.1,20.1,97,17.3
2022-09-22,Pune,24.5,19.8,97,19.6
2022-09-23,Pune,26.7,19.8,94,20.2
2022-09-24,Pune,26.0,20.7,96,17.9
2022-09-25,Pune,27.0,20.7,98,15.5
2022-09-26,Pune,27.2,20.4,98,13.1
2022-09-27,Pune,27.1,19.7,99,13.4
2022-09-28,Pune,27.9,19.9,98,16.0
2022-09-29,Pune,28.0,20.7,98,14.6
2022-09-30,Pune,28.9,20.5,100,20.6
2022-10-01,Pune,28.9,21.0,98,21.1
2022-10-02,Pune,28.0,20.7,98,14.4
2022-10-03,Pune,27.8,20.3,98,11.5
2022-10-04,Pune,29.1,20.1,99,12.8
2022-10-05,Pune,29.1,20.5,97,15.7
2022-10-06,Pune,28.4,20.9,96,16.9
2022-10-07,Pune,26.5,21.2,96,17.7
2022-10-08,Pune,26.2,20.8,96,20.9
2022-10-09,Pune,29.6,19.9,98,13.7
2022-10-10,Pune,28.3,20.3,99,9.8
2022-10-11,Pune,28.7,21.0,99,9.6
2022-10-12,Pune,27.5,20.9,99,10.8
2022-10-13,Pune,27.7,20.4,99,15.1
2022-10-14,Pune,27.5,20.7,98,17.7
2022-10-15,Pune,27.9,19.9,100,18.4
2022-10-16,Pune,27.8,19.8,97,16.5
2022-10-17,Pune,28.2,20.7,99,15.3
2022-10-18,Pune,27.5,20.1,100,7.6
2022-10-19,Pune,27.5,20.6,100,10.8
2022-10-20,Pune,27.5,20.1,98,11.1
2022-10-21,Pune,26.7,19.9,98,14.1
2022-10-22,Pune,27.5,19.7,99,16.1
2022-10-23,Pune,27.0,16.7,91,13.6
2022-10-24,Pune,27.4,14.8,87,10.4
2022-10-25,Pune,27.7,14.8,86,8.9
2022-10-26,Pune,27.0,16.6,86,11.7
2022-10-27,Pune,26.8,17.4,77,14.5
2022-10-28,Pune,26.6,15.1,84,17.5
2022-10-29,Pune,27.3,14.4,79,16.6
2022-10-30,Pune,27.3,14.3,80,17.3
2022-10-31,Pune,26.9,16.9,71,13.6
2022-11-01,Pune,27.0,14.3,87,14.2
2022-11-02,Pune,28.3,17.1,76,13.8
2022-11-03,Pune,28.9,16.9,84,17.3
2022-11-04,Pune,28.8,14.9,85,15.5
2022-11-05,Pune,28.9,15.9,72,12.4
2022-11-06,Pune,29.2,16.7,74,12.4
2022-11-07,Pune,29.1,16.9,71,9.2
2022-11-08,Pune,29.4,17.4,75,11.1
2022-11-09,Pune,29.2,18.2,73,12.1
2022-11-10,Pune,28.7,14.4,78,19.6
2022-11-11,Pune,29.0,16.0,74,21.3
2022-11-12,Pune,28.8,16.4,80,18.4
2022-11-13,Pune,28.9,16.3,78,15.5
2022-11-14,Pune,29.9,17.8,80,11.8
2022-11-15,Pune,29.4,17.8,80,7.6
2022-11-16,Pune,28.1,16.0,87,9.5
2022-11-17,Pune,28.3,16.9,78,12.9
2022-11-18,Pune,27.5,14.4,71,13.9
2022-11-19,Pune,26.5,14.2,76,12.6
2022-11-20,Pune,25.9,12.6,76,13.8
2022-11-21,Pune,26.2,14.0,73,10.9
2022-11-22,Pune,28.2,15.5,69,9.4
2022-11-23,Pune,29.0,16.8,77,12.6
2022-11-24,Pune,29.6,17.3,79,11.5
2022-11-25,Pune,29.8,17.8,80,9.3
2022-11-26,Pune,29.7,19.1,89,10.9
2022-11-27,Pune,29.6,19.5,95,9.0
2022-11-28,Pune,29.5,17.7,96,12.1
2022-11-29,Pune,30.1,17.1,86,11.2
2022-11-30,Pune,29.0,15.8,80,9.7
2022-12-01,Pune,28.4,15.6,67,9.7
2022-12-02,Pune,29.7,15.2,81,11.9
2022-12-03,Pune,30.2,17.9,81,8.2
2022-12-04,Pune,29.5,18.7,92,10.4
2022-12-05,Pune,29.3,19.4,90,10.0
2022-12-06,Pune,29.6,18.7,90,11.8
2022-12-07,Pune,29.6,16.1,91,10.4
2022-12-08,Pune,28.6,15.7,90,11.5
2022-12-09,Pune,27.2,11.6,79,15.8
2022-12-10,Pune,28.3,12.1,72,10.0
2022-12-11,Pune,29.0,15.6,87,11.3
2022-12-12,Pune,28.0,19.1,97,17.0
2022-12-13,Pune,27.6,19.8,93,22.2
2022-12-14,Pune,29.3,19.9,95,18.4
2022-12-15,Pune,29.0,19.4,85,14.0
2022-12-16,Pune,30.6,19.0,90,9.9
2022-12-17,Pune,29.6,18.9,83,12.7
2022-12-18,Pune,30.1,19.1,90,11.6
2022-12-19,Pune,29.1,17.1,83,10.1
2022-12-20,Pune,29.6,14.8,81,10.8
2022-12-21,Pune,30.3,15.0,71,8.4
2022-12-22,Pune,30.2,15.5,84,7.8
2022-12-23,Pune,30.2,15.7,87,11.1
2022-12-24,Pune,30.0,14.7,90,10.9
2022-12-25,Pune,29.8,12.9,80,12.1
2022-12-26,Pune,29.8,14.5,76,11.1
2022-12-27,Pune,30.4,17.3,79,8.3
2022-12-28,Pune,30.5,16.5,87,13.4
2022-12-29,Pune,30.1,15.8,86,10.2
2022-12-30,Pune,30.0,17.3,73,9.4
2022-12-31,Pune,29.9,16.7,77,13.8
2023-01-01,Pune,29.9,14.2,92,9.3
2023-01-02,Pune,29.8,14.5,75,8.4
2023-01-03,Pune,29.9,16.8,71,12.7
2023-01-04,Pune,29.4,15.3,88,8.7
2023-01-05,Pune,29.3,16.4,92,12.9
2023-01-06,Pune,28.5,17.2,87,17.4
2023-01-07,Pune,27.8,17.4,95,15.8
2023-01-08,Pune,27.2,16.1,85,10.4
2023-01-09,Pune,27.2,14.9,56,10.0
2023-01-10,Pune,28.2,14.3,46,10.7
2023-01-11,Pune,29.6,12.5,70,11.8
2023-01-12,Pune,29.3,15.1,75,12.7
2023-01-13,Pune,28.6,13.6,87,12.7
2023-01-14,Pune,29.7,12.5,99,14.2
2023-01-15,Pune,30.4,14.5,79,12.4
2023-01-16,Pune,30.6,12.7,91,15.8
2023-01-17,Pune,30.4,12.8,92,10.8
2023-01-18,Pune,30.2,16.2,75,10.9
2023-01-19,Pune,30.6,16.0,65,13.4
2023-01-20,Pune,30.2,15.4,71,11.9
2023-01-21,Pune,29.4,15.3,70,11.7
2023-01-22,Pune,29.6,14.5,71,15.9
2023-01-23,Pune,29.5,13.8,84,12.1
2023-01-24,Pune,30.2,14.8,88,16.4
2023-01-25,Pune,29.5,14.5,87,13.8
2023-01-26,Pune,29.5,17.0,79,12.9
2023-01-27,Pune,31.0,17.2,86,14.6
2023-01-28,Pune,30.9,15.9,68,16.2
2023-01-29,Pune,30.9,14.9,94,15.9
2023-01-30,Pune,30.3,17.8,100,9.3
2023-01-31,Pune,29.8,17.1,85,15.6
2023-02-01,Pune,28.8,17.5,81,16.7
2023-02-02,Pune,29.8,16.6,86,16.9
2023-02-03,Pune,29.5,15.5,69,13.0
2023-02-04,Pune,30.8,14.1,73,8.8
2023-02-05,Pune,31.3,16.9,52,8.0
2023-02-06,Pune,32.3,14.6,76,14.8
2023-02-07,Pune,31.6,16.0,72,10.0
2023-02-08,Pune,32.2,16.4,61,10.1
2023-02-09,Pune,33.1,15.9,68,10.1
2023-02-10,Pune,33.4,18.5,44,8.5
2023-02-11,Pune,33.6,18.1,46,12.7
2023-02-12,Pune,33.5,18.0,42,13.9
2023-02-13,Pune,32.3,14.6,63,15.5
2023-02-14,Pune,32.2,15.6,51,11.4
2023-02-15,Pune,33.0,16.5,37,12.4
2023-02-16,Pune,34.4,17.7,43,19.1
2023-02-17,Pune,34.3,17.7,43,15.1
2023-02-18,Pune,33.6,18.9,37,13.1
2023-02-19,Pune,33.2,16.0,42,15.5
2023-02-20,Pune,34.3,17.6,46,13.2
2023-02-21,Pune,34.5,17.1,59,11.2
2023-02-22,Pune,34.5,19.7,49,10.3
2023-02-23,Pune,34.6,20.2,47,11.4
2023-02-24,Pune,34.2,17.7,49,12.5
2023-02-25,Pune,34.0,18.8,37,11.5
2023-02-26,Pune,34.2,18.2,45,10.5
2023-02-27,Pune,34.8,20.1,35,19.1
2023-02-28,Pune,34.3,17.9,44,12.3
2023-03-01,Pune,34.0,17.0,40,18.4
2023-03-02,Pune,34.1,19.9,44,14.9
2023-03-03,Pune,34.5,19.6,48,18.6
2023-03-04,Pune,35.5,21.2,43,13.6
2023-03-05,Pune,35.8,21.2,53,11.5
2023-03-06,Pune,34.1,20.2,65,18.6
2023-03-07,Pune,29.2,17.2,85,15.3
2023-03-08,Pune,32.2,17.2,69,13.5
2023-03-09,Pune,32.5,19.3,57,14.4
2023-03-10,Pune,33.2,19.2,49,12.9
2023-03-11,Pune,33.8,19.5,56,16.2
2023-03-12,Pune,34.3,20.5,47,16.9
2023-03-13,Pune,34.5,21.6,58,15.0
2023-03-14,Pune,34.9,20.2,66,18.3
2023-03-15,Pune,32.4,20.2,66,16.9
2023-03-16,Pune,31.8,18.8,87,14.3
2023-03-17,Pune,30.9,18.4,92,18.7
2023-03-18,Pune,30.7,18.0,89,16.9
2023-03-19,Pune,30.9,17.5,96,21.3
2023-03-20,Pune,30.0,17.2,96,18.5
2023-03-21,Pune,30.1,16.6,86,18.0
2023-03-22,Pune,30.2,17.1,91,18.1
2023-03-23,Pune,31.2,17.5,93,18.2
2023-03-24,Pune,33.1,17.3,84,19.3
2023-03-25,Pune,33.5,17.2,96,18.3
2023-03-26,Pune,32.9,16.0,77,17.6
2023-03-27,Pune,33.3,16.0,89,15.5
2023-03-28,Pune,33.7,16.6,92,15.1
2023-03-29,Pune,34.9,17.7,89,19.4
2023-03-30,Pune,32.4,17.0,90,18.6
2023-03-31,Pune,30.8,18.7,94,18.9
2023-04-01,Pune,33.2,17.2,96,16.8
2023-04-02,Pune,33.4,17.3,93,19.0
2023-04-03,Pune,34.1,16.9,98,17.9
2023-04-04,Pune,35.6,19.0,97,22.0
2023-04-05,Pune,35.7,19.7,88,19.8
2023-04-06,Pune,35.6,22.2,58,16.5
2023-04-07,Pune,35.6,22.2,68,18.0
2023-04-08,Pune,32.4,20.5,81,21.9
2023-04-09,Pune,35.2,21.9,79,19.6
2023-04-10,Pune,34.5,21.9,81,14.3
2023-04-11,Pune,36.3,22.1,71,21.1
2023-04-12,Pune,35.8,22.4,66,12.3
2023-04-13,Pune,37.1,24.0,50,15.4
2023-04-14,Pune,36.3,23.2,53,15.5
2023-04-15,Pune,35.5,23.3,68,30.4
2023-04-16,Pune,36.4,21.1,76,26.2
2023-04-17,Pune,36.4,22.6,63,15.8
2023-04-18,Pune,36.8,22.2,71,25.1
2023-04-19,Pune,38.2,24.0,42,14.3
2023-04-20,Pune,36.9,22.5,57,21.7
2023-04-21,Pune,35.5,20.7,59,20.7
2023-04-22,Pune,34.3,20.5,79,20.9
2023-04-23,Pune,34.8,19.0,87,18.4
2023-04-24,Pune,36.9,20.6,75,18.5
2023-04-25,Pune,37.2,22.1,89,27.7
2023-04-26,Pune,33.9,20.5,98,20.9
2023-04-27,Pune,34.3,21.4,91,16.7
2023-04-28,Pune,33.9,22.6,85,21.6
2023-04-29,Pune,33.6,21.0,92,19.5
2023-04-30,Pune,34.3,21.0,83,24.6
2023-05-01,Pune,33.4,19.8,97,21.4
2023-05-02,Pune,32.8,20.3,82,16.6
2023-05-03,Pune,31.7,20.5,95,15.5
2023-05-04,Pune,33.5,20.1,96,15.2
2023-05-05,Pune,34.6,21.0,90,20.8
2023-05-06,Pune,34.5,21.3,94,19.8
2023-05-07,Pune,33.4,23.1,82,15.2
2023-05-08,Pune,34.1,22.9,95,19.6
2023-05-09,Pune,36.4,23.3,91,16.3
2023-05-10,Pune,38.5,24.6,87,18.2
2023-05-11,Pune,40.5,23.8,70,22.4
2023-05-12,Pune,39.4,23.8,80,22.9
2023-05-13,Pune,36.4,23.9,77,21.7
2023-05-14,Pune,36.1,23.0,79,23.2
2023-05-15,Pune,35.6,22.0,94,20.5
2023-05-16,Pune,35.5,21.4,98,20.6
2023-05-17,Pune,37.3,21.5,93,21.2
2023-05-18,Pune,38.1,22.5,93,21.3
2023-05-19,Pune,38.6,22.8,85,24.0
2023-05-20,Pune,36.8,22.2,89,19.1
2023-05-21,Pune,36.4,21.7,90,19.2
2023-05-22,Pune,37.4,22.4,89,21.2
2023-05-23,Pune,39.1,22.9,80,26.7
2023-05-24,Pune,36.9,23.1,90,20.2
2023-05-25,Pune,34.8,22.9,88,22.4
2023-05-26,Pune,33.8,23.2,88,22.3
2023-05-27,Pune,34.3,21.6,94,19.2
2023-05-28,Pune,36.1,22.0,95,19.4
2023-05-29,Pune,38.5,22.1,96,20.9
2023-05-30,Pune,38.3,22.6,95,22.3
2023-05-31,Pune,39.5,23.6,91,21.6
2023-06-01,Pune,38.9,24.2,85,24.5
2023-06-02,Pune,35.4,22.8,89,19.7
2023-06-03,Pune,35.9,23.1,92,18.7
2023-06-04,Pune,33.1,23.7,91,20.6
2023-06-05,Pune,34.3,22.6,97,19.9
2023-06-06,Pune,35.6,22.4,93,17.4
2023-06-07,Pune,35.9,23.2,91,20.0
2023-06-08,Pune,35.8,23.5,89,19.0
2023-06-09,Pune,36.1,24.0,88,21.1
2023-06-10,Pune,34.5,24.3,85,24.5
2023-06-11,Pune,34.5,23.9,83,24.5
2023-06-12,Pune,34.0,23.3,85,28.0
2023-06-13,Pune,31.6,23.9,86,27.6
2023-06-14,Pune,32.0,23.8,88,26.8
2023-06-15,Pune,32.8,23.6,89,25.8
2023-06-16,Pune,31.3,23.3,88,31.4
2023-06-17,Pune,32.1,24.0,88,26.6
2023-06-18,Pune,32.7,23.6,89,25.9
2023-06-19,Pune,33.1,23.2,92,23.0
2023-06-20,Pune,33.1,23.0,91,22.7
2023-06-21,Pune,33.6,22.7,92,22.7
2023-06-22,Pune,33.5,23.2,92,21.6
2023-06-23,Pune,32.2,23.4,91,20.9
2023-06-24,Pune,32.2,23.2,92,21.3
2023-06-25,Pune,27.8,22.2,95,24.5
2023-06-26,Pune,25.7,22.5,91,23.4
2023-06-27,Pune,28.4,22.5,90,22.4
2023-06-28,Pune,28.5,22.6,93,26.6
2023-06-29,Pune,25.7,22.7,94,22.5
2023-06-30,Pune,26.7,22.3,93,30.2
2023-07-01,Pune,27.0,22.4,93,26.8
2023-07-02,Pune,28.1,22.7,92,24.1
2023-07-03,Pune,29.0,22.5,93,18.6
2023-07-04,Pune,29.3,22.8,93,19.9
2023-07-05,Pune,30.0,22.7,93,16.6
2023-07-06,Pune,26.2,22.7,95,29.3
2023-07-07,Pune,26.9,22.9,92,26.9
2023-07-08,Pune,27.4,22.8,92,30.3
2023-07-09,Pune,27.3,23.0,90,28.7
2023-07-10,Pune,27.1,22.7,92,25.1
2023-07-11,Pune,28.3,22.7,92,22.7
2023-07-12,Pune,26.1,22.6,93,18.8
2023-07-13,Pune,28.0,22.0,93,21.4
2023-07-14,Pune,27.8,22.5,94,23.2
2023-07-15,Pune,27.1,22.6,92,26.0
2023-07-16,Pune,27.8,22.3,93,23.9
2023-07-17,Pune,26.7,22.1,93,25.8
2023-07-18,Pune,25.1,22.6,93,32.8
2023-07-19,Pune,25.3,22.6,93,28.5
2023-07-20,Pune,26.5,22.7,93,32.3
2023-07-21,Pune,26.4,22.7,92,25.3
2023-07-22,Pune,27.2,22.7,94,29.2
2023-07-23,Pune,25.9,22.6,93,28.7
2023-07-24,Pune,26.3,22.8,93,28.7
2023-07-25,Pune,25.4,22.6,93,23.8
2023-07-26,Pune,25.7,22.3,94,24.8
2023-07-27,Pune,24.7,22.0,94,26.4
2023-07-28,Pune,25.9,22.1,94,28.4
2023-07-29,Pune,25.0,21.9,93,26.4
2023-07-30,Pune,26.7,22.3,91,27.9
2023-07-31,Pune,27.2,22.7,91,27.1
2023-08-01,Pune,26.8,22.8,90,30.5
2023-08-02,Pune,26.6,22.3,91,30.6
2023-08-03,Pune,26.2,22.7,90,34.2
2023-08-04,Pune,27.2,22.5,90,30.7
2023-08-05,Pune,26.9,22.6,91,28.4
2023-08-06,Pune,27.1,22.5,91,29.8
2023-08-07,Pune,27.7,22.4,92,29.9
2023-08-08,Pune,27.8,22.5,92,26.3
2023-08-09,Pune,27.9,22.1,91,24.1
2023-08-10,Pune,27.7,22.2,93,23.1
2023-08-11,Pune,28.2,21.2,93,19.7
2023-08-12,Pune,28.1,21.2,94,24.5
2023-08-13,Pune,27.1,21.7,91,25.3
2023-08-14,Pune,28.1,22.2,91,23.6
2023-08-15,Pune,27.9,21.6,92,22.3
2023-08-16,Pune,28.8,21.5,93,23.1
2023-08-17,Pune,27.7,21.3,94,24.6
2023-08-18,Pune,28.8,21.7,93,23.6
2023-08-19,Pune,28.3,22.1,92,24.6
2023-08-20,Pune,26.9,22.0,93,23.9
2023-08-21,Pune,28.2,21.4,95,23.3
2023-08-22,Pune,28.5,21.1,95,22.7
2023-08-23,Pune,28.3,20.9,97,22.9
2023-08-24,Pune,28.5,21.8,91,24.3
2023-08-25,Pune,28.4,22.5,93,22.8
2023-08-26,Pune,28.3,22.2,94,25.3
2023-08-27,Pune,28.1,22.0,92,24.5
2023-08-28,Pune,28.6,21.6,93,22.8
2023-08-29,Pune,28.9,21.6,94,17.9
2023-08-30,Pune,30.4,20.4,98,15.2
2023-08-31,Pune,30.3,21.3,98,14.8
2023-09-01,Pune,32.1,21.7,98,14.0
2023-09-02,Pune,30.1,22.2,98,16.2
2023-09-03,Pune,29.6,21.6,95,15.1
2023-09-04,Pune,29.6,21.5,94,17.5
2023-09-05,Pune,29.7,20.5,97,16.9
2023-09-06,Pune,29.2,21.0,96,21.5
2023-09-07,Pune,27.8,22.1,92,26.0
2023-09-08,Pune,27.5,22.1,94,26.7
2023-09-09,Pune,27.2,22.7,95,25.1
2023-09-10,Pune,27.8,22.2,95,25.2
2023-09-11,Pune,28.1,22.0,94,24.2
2023-09-12,Pune,28.6,21.0,93,22.0
2023-09-13,Pune,28.4,21.5,93,20.5
2023-09-14,Pune,28.9,21.5,95,20.2
2023-09-15,Pune,28.6,20.8,97,21.3
2023-09-16,Pune,26.4,22.5,91,26.9
2023-09-17,Pune,26.8,22.5,93,27.6
2023-09-18,Pune,28.0,21.8,92,25.8
2023-09-19,Pune,28.3,22.2,90,22.9
2023-09-20,Pune,28.9,23.0,90,20.6
2023-09-21,Pune,29.8,23.3,93,14.5
2023-09-22,Pune,27.4,22.8,96,14.5
2023-09-23,Pune,27.5,22.3,96,12.3
2023-09-24,Pune,27.6,21.5,96,14.5
2023-09-25,Pune,28.7,21.5,98,14.3
2023-09-26,Pune,29.3,21.6,98,13.3
2023-09-27,Pune,27.9,21.4,97,9.8
2023-09-28,Pune,28.9,21.7,97,14.0
2023-09-29,Pune,29.4,21.1,99,14.8
2023-09-30,Pune,28.7,21.4,99,16.4
2023-10-01,Pune,27.7,21.3,99,20.6
2023-10-02,Pune,27.7,21.5,96,17.3
2023-10-03,Pune,29.8,20.8,98,13.4
2023-10-04,Pune,29.7,21.4,98,13.1
2023-10-05,Pune,30.0,20.4,100,9.0
2023-10-06,Pune,29.8,20.2,99,9.8
2023-10-07,Pune,30.5,20.8,100,8.8
2023-10-08,Pune,30.7,20.4,92,8.2
2023-10-09,Pune,30.8,20.4,89,6.5
2023-10-10,Pune,31.3,20.3,92,9.7
2023-10-11,Pune,30.1,20.6,93,10.9
2023-10-12,Pune,31.1,21.2,95,10.3
2023-10-13,Pune,31.9,20.3,95,12.7
2023-10-14,Pune,31.5,20.2,91,12.1
2023-10-15,Pune,30.8,20.7,89,7.9
2023-10-16,Pune,31.0,21.3,85,12.6
2023-10-17,Pune,30.9,20.5,93,8.4
2023-10-18,Pune,30.7,21.3,83,12.7
2023-10-19,Pune,30.8,21.1,88,13.7
2023-10-20,Pune,30.3,21.1,90,12.0
2023-10-21,Pune,30.5,21.0,85,11.3
2023-10-22,Pune,31.7,22.1,82,14.8
2023-10-23,Pune,31.5,19.2,100,10.2
2023-10-24,Pune,31.2,21.5,70,10.3
2023-10-25,Pune,31.0,20.8,66,11.0
2023-10-26,Pune,30.0,19.4,63,14.0
2023-10-27,Pune,30.2,18.5,63,15.1
2023-10-28,Pune,30.1,18.7,63,10.9
2023-10-29,Pune,30.6,17.4,65,14.4
2023-10-30,Pune,31.0,19.7,72,13.6
2023-10-31,Pune,30.5,18.9,78,14.3
2023-11-01,Pune,30.4,18.0,72,11.3
2023-11-02,Pune,30.4,19.4,71,11.1
2023-11-03,Pune,31.0,19.8,71,12.0
2023-11-04,Pune,30.8,19.9,69,14.8
2023-11-05,Pune,31.4,19.2,81,13.7
2023-11-06,Pune,31.3,19.3,65,15.1
2023-11-07,Pune,31.0,19.4,71,15.5
2023-11-08,Pune,30.0,21.3,93,16.7
2023-11-09,Pune,30.4,19.5,97,15.0
2023-11-10,Pune,29.8,19.9,98,13.7
2023-11-11,Pune,30.8,19.2,100,14.1
2023-11-12,Pune,31.1,19.1,87,13.4
2023-11-13,Pune,30.4,19.3,84,7.7
2023-11-14,Pune,30.0,19.5,83,10.4
2023-11-15,Pune,29.2,16.7,79,10.1
2023-11-16,Pune,29.3,17.4,71,9.8
2023-11-17,Pune,29.3,17.7,77,11.3
2023-11-18,Pune,30.3,16.7,76,10.0
2023-11-19,Pune,31.3,17.3,87,8.7
2023-11-20,Pune,30.8,19.6,83,12.8
2023-11-21,Pune,29.8,18.8,86,14.3
2023-11-22,Pune,29.7,18.4,84,10.5
2023-11-23,Pune,30.4,18.4,74,9.5
2023-11-24,Pune,30.8,18.6,89,14.6
2023-11-25,Pune,29.6,18.3,97,14.3
2023-11-26,Pune,30.2,19.6,93,16.6
2023-11-27,Pune,28.1,18.9,98,14.3
2023-11-28,Pune,28.6,19.0,99,11.8
2023-11-29,Pune,28.8,18.6,100,8.7
2023-11-30,Pune,29.3,17.6,100,13.3
2023-12-01,Pune,29.3,17.0,100,8.3
2023-12-02,Pune,30.3,18.3,98,16.3
2023-12-03,Pune,29.9,18.5,95,14.9
2023-12-04,Pune,30.5,18.5,98,13.7
2023-12-05,Pune,29.9,18.0,94,10.2
2023-12-06,Pune,28.1,18.8,94,10.8
2023-12-07,Pune,27.5,17.4,98,8.7
2023-12-08,Pune,28.3,17.4,98,8.6
2023-12-09,Pune,29.1,17.1,93,10.5
2023-12-10,Pune,29.3,16.8,95,11.0
2023-12-11,Pune,29.4,17.8,88,9.5
2023-12-12,Pune,29.3,16.7,88,10.5
2023-12-13,Pune,29.0,15.6,93,13.1
2023-12-14,Pune,28.0,16.0,84,13.3
2023-12-15,Pune,27.3,15.7,88,14.0
2023-12-16,Pune,27.4,15.5,77,13.0
2023-12-17,Pune,27.4,15.3,95,14.5
2023-12-18,Pune,27.0,16.9,88,19.4
2023-12-19,Pune,26.3,17.5,79,16.6
2023-12-20,Pune,27.2,14.1,79,14.8
2023-12-21,Pune,29.3,15.6,90,10.6
2023-12-22,Pune,29.6,15.9,89,9.2
2023-12-23,Pune,29.4,14.3,89,12.1
2023-12-24,Pune,29.1,16.3,70,12.3
2023-12-25,Pune,29.6,14.9,85,11.2
2023-12-26,Pune,30.6,16.8,76,10.6
2023-12-27,Pune,30.1,16.6,70,12.1
2023-12-28,Pune,30.0,15.8,94,11.3
2023-12-29,Pune,29.8,16.8,83,11.5
2023-12-30,Pune,29.6,14.3,85,10.0
2023-12-31,Pune,30.1,16.4,74,11.1
2024-01-01,Pune,29.5,16.5,82,10.1
2024-01-02,Pune,30.0,15.9,83,10.6
2024-01-03,Pune,29.8,16.6,88,7.6
2024-01-04,Pune,30.0,15.9,97,13.0
2024-01-05,Pune,29.6,13.9,95,13.2
2024-01-06,Pune,29.2,16.0,84,10.2
2024-01-07,Pune,29.5,17.2,85,13.0
2024-01-08,Pune,29.7,17.4,80,15.4
2024-01-09,Pune,28.2,18.1,97,16.3
2024-01-10,Pune,28.4,16.7,99,9.8
2024-01-11,Pune,28.7,16.9,100,10.4
2024-01-12,Pune,29.3,17.6,94,11.6
2024-01-13,Pune,29.7,17.7,70,11.2
2024-01-14,Pune,29.9,16.7,80,14.5
2024-01-15,Pune,28.4,14.1,79,13.4
2024-01-16,Pune,29.5,12.1,91,13.2
2024-01-17,Pune,28.9,13.2,91,16.6
2024-01-18,Pune,27.4,14.0,99,12.3
2024-01-19,Pune,28.8,13.0,99,13.8
2024-01-20,Pune,28.8,15.7,88,17.3
2024-01-21,Pune,28.5,15.9,82,10.6
2024-01-22,Pune,29.9,13.7,87,16.1
2024-01-23,Pune,27.4,15.4,92,11.0
2024-01-24,Pune,27.0,14.2,66,10.5
2024-01-25,Pune,27.4,13.5,79,10.9
2024-01-26,Pune,29.9,13.0,66,11.3
2024-01-27,Pune,29.9,16.3,54,11.5
2024-01-28,Pune,31.2,15.0,80,14.5
2024-01-29,Pune,30.7,15.8,72,8.7
2024-01-30,Pune,30.6,16.7,67,13.4
2024-01-31,Pune,31.4,15.5,77,18.1
2024-02-01,Pune,28.5,14.1,77,16.3
2024-02-02,Pune,28.8,15.3,82,10.9
2024-02-03,Pune,31.1,15.3,75,14.9
2024-02-04,Pune,33.1,16.7,72,8.8
2024-02-05,Pune,33.6,18.3,77,15.0
2024-02-06,Pune,34.6,18.0,76,18.5
2024-02-07,Pune,33.8,18.8,72,16.8
2024-02-08,Pune,32.9,17.1,65,10.0
2024-02-09,Pune,33.7,14.5,62,18.2
2024-02-10,Pune,34.2,14.5,73,20.3
2024-02-11,Pune,32.9,14.5,74,18.7
2024-02-12,Pune,33.1,15.6,67,18.4
2024-02-13,Pune,33.8,16.6,49,18.4
2024-02-14,Pune,32.7,15.5,64,9.8
2024-02-15,Pune,33.6,17.6,54,11.4
2024-02-16,Pune,35.2,18.8,69,12.9
2024-02-17,Pune,33.9,17.6,75,9.3
2024-02-18,Pune,34.6,17.8,71,15.6
2024-02-19,Pune,33.9,18.6,52,17.1
2024-02-20,Pune,33.7,17.8,61,21.5
2024-02-21,Pune,31.5,17.5,83,18.9
2024-02-22,Pune,30.5,16.2,98,18.7
2024-02-23,Pune,31.2,15.0,81,11.6
2024-02-24,Pune,33.0,14.6,81,18.0
2024-02-25,Pune,33.2,18.0,33,12.1
2024-02-26,Pune,34.9,16.6,64,16.6
2024-02-27,Pune,35.1,20.9,57,22.0
2024-02-28,Pune,33.6,22.0,46,11.9
2024-02-29,Pune,35.1,21.4,56,17.1
2024-03-01,Pune,35.8,20.9,54,15.5
2024-03-02,Pune,34.5,20.8,83,24.5
2024-03-03,Pune,31.1,18.6,97,22.2
2024-03-04,Pune,32.4,15.2,99,18.7
2024-03-05,Pune,34.6,14.5,84,19.5
2024-03-06,Pune,34.9,16.7,76,22.7
2024-03-07,Pune,34.7,14.4,46,17.8
2024-03-08,Pune,35.5,20.1,42,20.8
2024-03-09,Pune,35.2,18.5,36,15.3
2024-03-10,Pune,36.5,17.7,49,19.5
2024-03-11,Pune,36.0,19.9,39,18.8
2024-03-12,Pune,37.2,20.6,55,20.5
2024-03-13,Pune,35.4,19.9,58,18.1
2024-03-14,Pune,35.2,17.3,62,17.8
2024-03-15,Pune,35.1,18.0,44,20.5
2024-03-16,Pune,35.6,17.7,57,20.7
2024-03-17,Pune,36.2,18.8,57,23.9
2024-03-18,Pune,35.1,20.4,39,21.5
2024-03-19,Pune,34.9,19.7,78,17.4
2024-03-20,Pune,35.5,20.6,39,16.6
2024-03-21,Pune,36.3,19.2,43,13.1
2024-03-22,Pune,36.4,19.9,67,20.8
2024-03-23,Pune,36.6,19.9,63,22.2
2024-03-24,Pune,37.6,22.0,48,18.5
2024-03-25,Pune,37.8,22.8,57,15.8
2024-03-26,Pune,38.3,21.7,52,16.9
2024-03-27,Pune,39.5,22.2,55,20.9
2024-03-28,Pune,38.7,23.6,52,22.7
2024-03-29,Pune,38.9,23.8,62,21.1
2024-03-30,Pune,38.2,23.8,66,20.9
2024-03-31,Pune,38.4,24.5,45,21.7
2024-04-01,Pune,39.0,24.9,29,21.1
2024-04-02,Pune,39.1,21.8,47,21.7
2024-04-03,Pune,39.1,21.8,49,23.1
2024-04-04,Pune,39.2,23.1,46,21.3
2024-04-05,Pune,39.9,22.7,47,22.9
2024-04-06,Pune,39.4,23.5,38,25.8
2024-04-07,Pune,38.2,23.4,36,25.8
2024-04-08,Pune,38.0,20.5,48,17.7
2024-04-09,Pune,38.8,20.9,54,22.0
2024-04-10,Pune,38.8,21.5,47,22.0
2024-04-11,Pune,39.1,22.8,44,23.8
2024-04-12,Pune,38.3,22.6,41,23.6
2024-04-13,Pune,37.9,20.8,62,20.9
2024-04-14,Pune,39.2,19.7,81,24.0
2024-04-15,Pune,40.4,23.2,75,20.2
2024-04-16,Pune,39.5,27.3,52,14.8
2024-04-17,Pune,40.7,27.4,66,22.5
2024-04-18,Pune,40.3,25.5,84,18.8
2024-04-19,Pune,40.2,25.8,61,24.6
2024-04-20,Pune,38.9,25.4,75,19.3
2024-04-21,Pune,38.2,23.8,68,19.7
2024-04-22,Pune,38.8,24.0,51,19.5
2024-04-23,Pune,39.4,23.5,50,23.3
2024-04-24,Pune,39.4,23.8,57,11.3
2024-04-25,Pune,39.2,24.8,64,17.0
2024-04-26,Pune,39.4,25.3,46,24.2
2024-04-27,Pune,40.3,25.4,52,14.4
2024-04-28,Pune,41.0,25.5,50,22.2
2024-04-29,Pune,40.8,25.6,44,21.4
2024-04-30,Pune,40.9,24.8,30,20.0
2024-05-01,Pune,38.3,25.2,40,24.3
2024-05-02,Pune,38.8,22.6,65,18.7
2024-05-03,Pune,39.8,20.4,67,18.6
2024-05-04,Pune,39.0,21.6,70,16.7
2024-05-05,Pune,39.2,23.4,66,23.0
2024-05-06,Pune,37.9,23.4,72,21.5
2024-05-07,Pune,37.4,21.7,83,23.6
2024-05-08,Pune,38.6,21.2,99,26.2
2024-05-09,Pune,36.5,22.6,86,22.8
2024-05-10,Pune,36.9,23.7,84,17.1
2024-05-11,Pune,36.4,23.8,80,25.4
2024-05-12,Pune,36.1,24.1,76,16.1
2024-05-13,Pune,34.8,24.1,78,24.0
2024-05-14,Pune,37.7,24.0,83,17.6
2024-05-15,Pune,38.3,23.0,86,19.1
2024-05-16,Pune,39.1,24.0,92,14.0
2024-05-17,Pune,37.7,23.4,94,23.1
2024-05-18,Pune,38.7,23.0,89,19.1
2024-05-19,Pune,38.9,24.9,81,20.8
2024-05-20,Pune,40.5,25.6,88,24.5
2024-05-21,Pune,41.7,24.5,88,21.8
2024-05-22,Pune,39.9,25.2,88,20.4
2024-05-23,Pune,38.8,25.4,94,20.9
2024-05-24,Pune,35.9,24.7,88,26.4
2024-05-25,Pune,34.1,23.6,84,27.4
2024-05-26,Pune,34.3,24.4,86,26.9
2024-05-27,Pune,32.7,24.8,90,27.8
2024-05-28,Pune,34.1,24.2,89,31.8
2024-05-29,Pune,34.4,23.5,88,28.1
2024-05-30,Pune,36.2,23.3,90,23.1
2024-05-31,Pune,35.8,24.1,92,21.7
2024-06-01,Pune,35.9,24.0,91,20.2
2024-06-02,Pune,36.2,24.6,89,18.8
2024-06-03,Pune,37.4,24.2,81,19.4
2024-06-04,Pune,31.4,24.1,94,16.5
2024-06-05,Pune,33.2,24.4,90,23.9
2024-06-06,Pune,33.6,23.6,94,17.5
2024-06-07,Pune,33.9,23.3,95,19.2
2024-06-08,Pune,32.3,23.5,94,17.3
2024-06-09,Pune,27.0,23.1,95,16.1
2024-06-10,Pune,27.7,22.1,95,18.2
2024-06-11,Pune,27.9,22.7,94,19.9
2024-06-12,Pune,28.8,22.9,95,18.4
2024-06-13,Pune,28.8,23.2,93,19.8
2024-06-14,Pune,28.9,22.9,91,20.6
2024-06-15,Pune,29.3,23.0,91,16.0
2024-06-16,Pune,30.5,22.6,95,15.9
2024-06-17,Pune,30.6,22.8,96,17.1
2024-06-18,Pune,29.6,23.2,93,23.2
2024-06-19,Pune,27.8,23.1,92,23.2
2024-06-20,Pune,29.0,23.2,93,23.7
2024-06-21,Pune,29.4,23.4,92,23.8
2024-06-22,Pune,29.8,22.8,91,20.5
2024-06-23,Pune,30.3,23.2,91,15.5
2024-06-24,Pune,30.8,23.2,93,16.2
2024-06-25,Pune,29.4,23.9,90,22.3
2024-06-26,Pune,29.7,23.7,93,26.7
2024-06-27,Pune,27.6,23.4,91,28.4
2024-06-28,Pune,27.8,23.6,92,28.8
2024-06-29,Pune,28.4,23.1,90,27.6
2024-06-30,Pune,27.9,23.4,89,26.1
2024-07-01,Pune,27.2,22.5,91,32.1
2024-07-02,Pune,27.4,22.5,93,27.2
2024-07-03,Pune,27.5,22.9,90,25.8
2024-07-04,Pune,26.8,23.4,90,22.9
2024-07-05,Pune,28.1,23.3,90,27.7
2024-07-06,Pune,27.7,23.0,89,30.8
2024-07-07,Pune,26.0,22.9,92,19.9
2024-07-08,Pune,27.1,22.7,95,19.2
2024-07-09,Pune,27.7,22.2,95,17.2
2024-07-10,Pune,28.2,22.6,91,21.6
2024-07-11,Pune,26.9,22.6,93,23.1
2024-07-12,Pune,26.2,22.9,94,24.0
2024-07-13,Pune,26.5,22.7,93,27.2
2024-07-14,Pune,24.3,22.7,95,19.8
2024-07-15,Pune,28.7,22.5,95,20.5
2024-07-16,Pune,28.8,22.5,95,26.7
2024-07-17,Pune,26.9,22.9,93,25.0
2024-07-18,Pune,26.7,22.9,93,26.7
2024-07-19,Pune,25.1,23.2,92,24.9
2024-07-20,Pune,25.9,22.9,92,27.3
2024-07-21,Pune,26.7,22.9,92,28.0
2024-07-22,Pune,24.4,22.8,93,26.9
2024-07-23,Pune,24.1,22.7,93,27.6
2024-07-24,Pune,24.6,22.6,92,32.9
2024-07-25,Pune,23.7,21.9,92,29.4
2024-07-26,Pune,25.1,22.0,93,26.1
2024-07-27,Pune,25.1,22.8,94,32.8
2024-07-28,Pune,25.0,22.7,93,27.7
2024-07-29,Pune,26.3,22.5,94,26.0
2024-07-30,Pune,27.7,22.4,92,26.5
2024-07-31,Pune,26.3,22.1,94,24.4
2024-08-01,Pune,26.6,22.8,90,26.8
2024-08-02,Pune,26.7,22.0,94,30.1
2024-08-03,Pune,25.8,22.6,92,29.6
2024-08-04,Pune,26.0,22.8,93,30.0
2024-08-05,Pune,26.8,22.6,93,26.5
2024-08-06,Pune,27.4,22.5,90,25.5
2024-08-07,Pune,27.0,22.7,92,23.8
2024-08-08,Pune,27.2,22.3,92,22.3
2024-08-09,Pune,24.8,22.1,93,20.1
2024-08-10,Pune,28.6,21.9,96,22.6
2024-08-11,Pune,27.6,22.0,95,23.2
2024-08-12,Pune,28.2,21.7,95,21.6
2024-08-13,Pune,29.5,21.5,96,16.7
2024-08-14,Pune,29.2,21.2,98,16.7
2024-08-15,Pune,30.4,21.4,97,17.3
2024-08-16,Pune,30.3,21.1,99,17.0
2024-08-17,Pune,28.8,21.4,98,11.5
2024-08-18,Pune,28.3,23.0,97,6.8
2024-08-19,Pune,30.3,22.4,98,8.1
2024-08-20,Pune,29.8,22.5,97,12.8
2024-08-21,Pune,30.3,22.0,99,14.0
2024-08-22,Pune,28.9,22.5,99,12.1
2024-08-23,Pune,27.9,23.0,99,17.6
2024-08-24,Pune,24.1,22.5,96,21.2
2024-08-25,Pune,25.3,21.4,94,30.5
2024-08-26,Pune,24.3,21.1,91,25.3
2024-08-27,Pune,26.1,21.4,91,27.9
2024-08-28,Pune,26.7,21.5,92,30.5
2024-08-29,Pune,27.1,22.1,91,25.5
2024-08-30,Pune,27.1,22.3,93,20.8
2024-08-31,Pune,25.6,22.2,94,17.6
2024-09-01,Pune,25.6,21.6,97,22.3
2024-09-02,Pune,23.8,22.2,96,18.8
2024-09-03,Pune,26.4,21.9,94,21.3
2024-09-04,Pune,26.6,22.6,92,23.8
2024-09-05,Pune,27.5,22.6,94,23.3
2024-09-06,Pune,26.4,21.9,94,24.9
2024-09-07,Pune,27.8,21.7,94,23.6
2024-09-08,Pune,28.2,22.2,93,19.8
2024-09-09,Pune,28.2,21.8,94,19.9
2024-09-10,Pune,27.7,22.4,92,17.7
2024-09-11,Pune,27.8,22.2,93,19.9
2024-09-12,Pune,27.5,21.8,92,23.6
2024-09-13,Pune,27.1,21.2,93,21.2
2024-09-14,Pune,27.1,20.6,95,22.8
2024-09-15,Pune,26.8,20.6,96,21.7
2024-09-16,Pune,28.3,20.0,97,16.5
2024-09-17,Pune,27.8,20.0,97,16.2
2024-09-18,Pune,28.6,19.1,98,14.1
2024-09-19,Pune,29.0,19.3,99,15.3
2024-09-20,Pune,28.1,20.7,98,14.9
2024-09-21,Pune,29.5,22.3,95,17.3
2024-09-22,Pune,29.6,21.3,96,13.8
2024-09-23,Pune,28.6,22.2,97,14.2
2024-09-24,Pune,29.5,21.7,97,8.9
2024-09-25,Pune,27.6,22.4,97,14.0
2024-09-26,Pune,25.4,21.7,95,22.7
2024-09-27,Pune,25.6,22.2,93,26.9
2024-09-28,Pune,27.5,22.2,95,20.2
2024-09-29,Pune,28.2,21.6,97,15.5
2024-09-30,Pune,29.8,20.8,100,8.6
2024-10-01,Pune,30.4,22.0,100,10.1
2024-10-02,Pune,30.6,22.5,100,14.9
2024-10-03,Pune,29.8,21.8,98,16.2
2024-10-04,Pune,28.8,21.0,99,16.1
2024-10-05,Pune,29.4,20.8,100,13.1
2024-10-06,Pune,29.5,20.9,99,17.5
2024-10-07,Pune,30.5,20.7,97,17.1
2024-10-08,Pune,30.4,20.6,96,12.3
2024-10-09,Pune,27.8,22.0,93,13.0
2024-10-10,Pune,29.0,21.1,98,23.2
2024-10-11,Pune,29.4,21.3,98,21.5
2024-10-12,Pune,29.8,21.3,99,15.7
2024-10-13,Pune,29.9,21.3,98,16.0
2024-10-14,Pune,29.2,20.6,99,15.4
2024-10-15,Pune,28.9,20.2,99,12.3
2024-10-16,Pune,29.8,21.2,98,13.7
2024-10-17,Pune,27.8,22.0,94,14.0
2024-10-18,Pune,29.1,21.6,99,20.8
2024-10-19,Pune,29.7,21.3,100,11.2
2024-10-20,Pune,28.2,21.1,99,12.5
2024-10-21,Pune,27.2,20.7,99,11.9
2024-10-22,Pune,28.3,19.8,100,9.2
2024-10-23,Pune,28.8,19.6,99,11.4
2024-10-24,Pune,28.7,19.5,100,9.3
2024-10-25,Pune,29.0,19.7,79,10.2
2024-10-26,Pune,29.1,18.7,84,11.7
2024-10-27,Pune,30.5,18.1,88,12.0
2024-10-28,Pune,30.7,18.9,90,11.1
2024-10-29,Pune,30.7,18.2,100,12.9
2024-10-30,Pune,29.6,19.0,98,9.7
2024-10-31,Pune,30.5,20.6,86,14.8
2024-11-01,Pune,30.0,20.7,95,14.3
2024-11-02,Pune,30.1,20.1,93,13.9
2024-11-03,Pune,30.2,18.6,83,13.9
2024-11-04,Pune,30.1,18.6,82,14.3
2024-11-05,Pune,29.7,19.0,88,14.3
2024-11-06,Pune,30.2,17.9,86,11.5
2024-11-07,Pune,30.0,19.0,75,11.3
2024-11-08,Pune,29.6,19.1,76,16.6
2024-11-09,Pune,29.7,18.4,76,14.8
2024-11-10,Pune,29.4,19.5,71,12.0
2024-11-11,Pune,29.1,18.5,74,17.5
2024-11-12,Pune,29.3,16.4,84,16.2
2024-11-13,Pune,30.2,17.8,77,13.0
2024-11-14,Pune,32.1,18.9,75,13.7
2024-11-15,Pune,31.3,21.5,84,10.2
2024-11-16,Pune,31.2,22.4,86,11.3
2024-11-17,Pune,30.9,21.8,73,13.5
2024-11-18,Pune,28.9,17.8,80,12.6
2024-11-19,Pune,28.4,16.4,79,10.1
2024-11-20,Pune,28.0,15.9,78,11.4
2024-11-21,Pune,29.0,16.0,76,9.5
2024-11-22,Pune,29.2,15.7,81,9.3
2024-11-23,Pune,29.6,15.6,85,10.1
2024-11-24,Pune,28.9,16.8,82,11.0
2024-11-25,Pune,27.9,15.6,79,11.6
2024-11-26,Pune,27.4,14.8,77,11.5
2024-11-27,Pune,27.4,14.4,67,11.0
2024-11-28,Pune,27.5,14.4,69,16.5
2024-11-29,Pune,27.0,14.1,66,11.6
2024-11-30,Pune,27.9,14.0,73,10.4
2024-12-01,Pune,29.0,16.1,73,9.7
2024-12-02,Pune,28.9,21.1,79,14.8
2024-12-03,Pune,29.5,20.7,91,15.9
2024-12-04,Pune,30.6,21.3,93,15.9
2024-12-05,Pune,31.4,20.8,93,10.3
2024-12-06,Pune,31.8,21.3,91,7.3
2024-12-07,Pune,31.6,21.0,86,11.4
2024-12-08,Pune,30.1,18.9,78,12.2
2024-12-09,Pune,29.5,16.1,81,10.5
2024-12-10,Pune,28.4,15.5,76,7.9
2024-12-11,Pune,29.3,16.7,86,7.8
2024-12-12,Pune,28.4,16.2,84,8.1
2024-12-13,Pune,27.8,15.9,74,10.8
2024-12-14,Pune,27.6,14.1,77,11.3
2024-12-15,Pune,27.9,13.2,72,9.3
2024-12-16,Pune,27.8,12.5,75,7.9
2024-12-17,Pune,28.6,12.1,72,9.3
2024-12-18,Pune,28.8,12.4,78,6.4
2024-12-19,Pune,29.6,12.6,73,8.3
2024-12-20,Pune,30.1,15.5,84,10.6
2024-12-21,Pune,30.3,16.3,100,12.3
2024-12-22,Pune,29.5,17.6,98,15.1
2024-12-23,Pune,27.9,17.2,98,11.9
2024-12-24,Pune,28.1,17.4,96,10.1
2024-12-25,Pune,30.0,17.4,93,11.9
2024-12-26,Pune,30.1,19.6,88,11.9
2024-12-27,Pune,29.9,19.7,91,11.4
2024-12-28,Pune,29.7,19.1,98,11.4
2024-12-29,Pune,30.6,19.2,91,7.6
2024-12-30,Pune,30.7,19.4,91,8.2
2024-12-31,Pune,30.3,18.5,83,9.9
2025-01-01,Pune,29.9,17.6,84,10.6
2025-01-02,Pune,31.0,16.7,89,11.4
2025-01-03,Pune,29.8,16.2,76,13.6
2025-01-04,Pune,30.4,15.0,54,10.3
2025-01-05,Pune,30.8,15.2,63,9.1
2025-01-06,Pune,29.9,16.6,79,8.8
2025-01-07,Pune,29.0,15.6,78,10.4
2025-01-08,Pune,28.4,15.5,81,10.6
2025-01-09,Pune,28.2,15.3,68,13.0
2025-01-10,Pune,29.1,14.2,81,10.4
2025-01-11,Pune,30.2,16.1,81,15.5
2025-01-12,Pune,30.2,17.1,87,8.8
2025-01-13,Pune,30.3,17.6,90,12.0
2025-01-14,Pune,30.9,17.4,83,10.5
2025-01-15,Pune,30.8,19.7,82,11.6
2025-01-16,Pune,31.1,18.4,98,9.2
2025-01-17,Pune,29.7,18.3,81,13.3
2025-01-18,Pune,29.1,17.3,68,13.0
2025-01-19,Pune,30.4,16.2,69,11.7
2025-01-20,Pune,30.7,16.4,72,8.1
2025-01-21,Pune,31.4,16.2,71,6.2
2025-01-22,Pune,32.4,17.0,73,10.5
2025-01-23,Pune,32.6,17.6,79,12.2
2025-01-24,Pune,33.1,17.3,75,7.6
2025-01-25,Pune,34.0,18.9,74,5.5
2025-01-26,Pune,33.1,18.8,66,11.6
2025-01-27,Pune,33.4,18.3,73,7.7
2025-01-28,Pune,34.0,18.4,73,14.7
2025-01-29,Pune,34.1,18.6,72,13.6
2025-01-30,Pune,33.8,19.3,56,15.2
2025-01-31,Pune,33.3,18.8,68,13.1
2025-02-01,Pune,33.6,17.1,80,13.9
2025-02-02,Pune,33.0,17.9,84,13.9
2025-02-03,Pune,33.8,19.2,65,16.7
2025-02-04,Pune,33.7,18.2,78,16.7
2025-02-05,Pune,32.6,18.3,75,15.2
2025-02-06,Pune,33.7,18.5,58,13.1
2025-02-07,Pune,34.0,19.3,67,10.2
2025-02-08,Pune,33.9,19.7,68,13.9
2025-02-09,Pune,34.3,20.0,64,12.5
2025-02-10,Pune,34.1,21.1,59,13.7
2025-02-11,Pune,34.0,19.9,56,16.0
2025-02-12,Pune,34.6,18.7,59,10.9
2025-02-13,Pune,34.1,17.9,55,9.8
2025-02-14,Pune,33.3,18.3,54,9.3
2025-02-15,Pune,34.3,18.2,52,11.0
2025-02-16,Pune,34.2,19.0,46,12.3
2025-02-17,Pune,35.3,18.8,50,10.6
2025-02-18,Pune,34.7,20.0,52,15.1
2025-02-19,Pune,34.4,19.6,65,15.7
2025-02-20,Pune,34.3,19.3,62,7.4
2025-02-21,Pune,34.1,20.0,49,11.6
2025-02-22,Pune,34.5,20.7,51,8.6
2025-02-23,Pune,34.4,20.3,50,8.4
2025-02-24,Pune,33.6,19.5,44,14.4
2025-02-25,Pune,33.9,20.0,43,11.7
2025-02-26,Pune,33.7,19.7,57,11.7
2025-02-27,Pune,34.4,20.5,56,12.0
2025-02-28,Pune,35.1,21.5,58,13.9
2025-03-01,Pune,36.6,21.7,60,13.6
2025-03-02,Pune,35.1,21.6,61,12.7
2025-03-03,Pune,36.6,21.8,52,17.4
2025-03-04,Pune,36.3,21.8,45,10.4
2025-03-05,Pune,34.8,20.8,50,11.0
2025-03-06,Pune,35.1,18.5,40,7.8
2025-03-07,Pune,34.9,19.1,42,8.5
2025-03-08,Pune,36.7,18.8,47,14.9
2025-03-09,Pune,35.9,21.1,47,10.9
2025-03-10,Pune,36.4,21.3,45,15.0
2025-03-11,Pune,36.1,22.7,48,12.2
2025-03-12,Pune,36.9,21.8,59,12.6
2025-03-13,Pune,37.3,22.9,49,14.9
2025-03-14,Pune,37.5,23.7,49,15.5
2025-03-15,Pune,36.6,23.5,31,14.4
2025-03-16,Pune,36.4,23.2,45,18.0
2025-03-17,Pune,36.7,22.7,44,16.9
2025-03-18,Pune,38.3,21.2,49,22.4
2025-03-19,Pune,37.9,22.5,50,18.3
2025-03-20,Pune,36.5,22.1,48,18.2
2025-03-21,Pune,35.1,22.2,53,18.1
2025-03-22,Pune,35.3,20.2,54,13.3
2025-03-23,Pune,36.2,20.2,73,13.8
2025-03-24,Pune,37.1,22.1,51,12.0
2025-03-25,Pune,36.9,21.9,65,18.8
2025-03-26,Pune,37.3,23.0,47,20.9
2025-03-27,Pune,36.2,22.3,62,18.8
2025-03-28,Pune,37.0,21.8,62,16.1
2025-03-29,Pune,37.6,24.1,54,14.4
2025-03-30,Pune,38.6,25.7,36,20.6
2025-03-31,Pune,38.5,26.1,51,12.8
2025-04-01,Pune,35.5,25.8,56,13.8
2025-04-02,Pune,36.1,22.7,74,9.7
2025-04-03,Pune,34.3,22.9,82,22.4
2025-04-04,Pune,36.1,21.9,97,14.7
2025-04-05,Pune,37.1,22.6,80,13.8
2025-04-06,Pune,39.4,23.8,43,18.2
2025-04-07,Pune,39.0,24.7,35,14.1
2025-04-08,Pune,39.9,25.2,30,15.2
2025-04-09,Pune,39.8,23.4,74,17.8
2025-04-10,Pune,37.1,24.0,79,18.2
2025-04-11,Pune,36.6,22.1,83,18.7
2025-04-12,Pune,36.2,21.8,78,16.8
2025-04-13,Pune,39.1,20.5,85,19.8
2025-04-14,Pune,39.5,23.3,57,19.3
2025-04-15,Pune,40.6,24.2,41,21.5
2025-04-16,Pune,39.9,25.0,69,20.6
2025-04-17,Pune,39.4,22.4,77,23.4
2025-04-18,Pune,38.5,22.9,75,20.3
2025-04-19,Pune,38.5,23.9,73,20.4
2025-04-20,Pune,38.0,23.7,58,17.4
2025-04-21,Pune,40.0,23.4,67,19.4
2025-04-22,Pune,40.4,24.7,76,18.4
2025-04-23,Pune,40.3,24.6,58,18.7
2025-04-24,Pune,40.8,23.9,73,19.8
2025-04-25,Pune,39.2,23.9,57,18.7
2025-04-26,Pune,39.2,23.4,65,18.8
2025-04-27,Pune,40.8,23.4,66,28.7
2025-04-28,Pune,40.7,21.8,82,22.4
2025-04-29,Pune,40.1,23.7,73,23.5
2025-04-30,Pune,38.1,22.5,86,19.8
2025-05-01,Pune,39.5,23.9,71,24.8
2025-05-02,Pune,40.3,25.3,52,19.3
2025-05-03,Pune,36.6,25.0,63,17.0
2025-05-04,Pune,35.9,22.4,75,19.4
2025-05-05,Pune,36.9,22.1,90,17.6
2025-05-06,Pune,35.6,22.2,93,20.4
2025-05-07,Pune,33.9,22.1,87,24.3
2025-05-08,Pune,32.7,22.0,87,23.6
2025-05-09,Pune,32.1,21.9,86,13.7
2025-05-10,Pune,33.4,21.8,92,18.9
2025-05-11,Pune,35.1,22.9,94,18.3
2025-05-12,Pune,35.3,23.3,91,17.1
2025-05-13,Pune,33.2,23.3,94,12.6
2025-05-14,Pune,33.2,22.8,96,11.2
2025-05-15,Pune,35.0,23.5,92,13.3
2025-05-16,Pune,32.7,23.7,94,12.8
2025-05-17,Pune,32.5,23.4,97,13.3
2025-05-18,Pune,32.8,23.0,95,14.0
2025-05-19,Pune,32.0,23.5,93,12.0
2025-05-20,Pune,29.5,23.3,96,9.6
2025-05-21,Pune,29.1,22.4,98,9.9
2025-05-22,Pune,27.9,22.3,98,15.0
2025-05-23,Pune,25.0,21.6,100,18.4
2025-05-24,Pune,25.7,22.4,99,10.3
2025-05-25,Pune,24.6,22.0,97,16.0
2025-05-26,Pune,26.7,22.0,99,12.4
2025-05-27,Pune,28.6,22.3,97,14.0
2025-05-28,Pune,29.2,22.6,94,20.5
2025-05-29,Pune,31.1,23.2,92,19.4
2025-05-30,Pune,30.7,23.8,92,22.2
2025-05-31,Pune,30.4,23.6,93,21.0
2025-06-01,Pune,28.9,22.9,92,19.5
2025-06-02,Pune,29.8,22.4,92,20.9
2025-06-03,Pune,29.3,22.7,93,20.4
2025-06-04,Pune,29.6,22.0,92,16.8
2025-06-05,Pune,29.2,21.0,94,11.3
2025-06-06,Pune,30.5,22.1,92,13.9
2025-06-07,Pune,29.6,22.6,93,12.6
2025-06-08,Pune,31.5,21.7,96,15.5
2025-06-09,Pune,29.5,23.1,93,19.2
2025-06-10,Pune,31.6,21.9,95,17.0
2025-06-11,Pune,31.9,23.2,94,17.7
2025-06-12,Pune,31.6,23.6,95,16.6
2025-06-13,Pune,31.2,22.8,96,14.1
2025-06-14,Pune,30.9,22.7,98,11.2
2025-06-15,Pune,29.2,23.6,97,12.6
2025-06-16,Pune,25.0,22.5,95,28.2
2025-06-17,Pune,26.7,22.1,91,23.9
2025-06-18,Pune,27.0,22.6,92,30.0
2025-06-19,Pune,26.5,22.5,96,27.2
2025-06-20,Pune,27.2,22.5,92,25.8
2025-06-21,Pune,27.0,22.5,91,25.2
2025-06-22,Pune,27.3,22.5,90,26.0
2025-06-23,Pune,26.9,22.5,91,30.2
2025-06-24,Pune,26.5,22.5,95,23.2
2025-06-25,Pune,26.9,23.1,91,27.9
2025-06-26,Pune,26.7,22.9,92,21.6
2025-06-27,Pune,26.8,22.8,92,25.3
2025-06-28,Pune,27.1,21.6,93,29.6
2025-06-29,Pune,26.2,22.0,92,25.4
2025-06-30,Pune,26.0,22.0,92,25.3
2025-07-01,Pune,25.9,21.9,93,24.7
2025-07-02,Pune,26.1,21.7,94,22.8
2025-07-03,Pune,26.1,21.7,93,26.5
2025-07-04,Pune,26.3,22.4,91,27.4
2025-07-05,Pune,26.2,22.6,91,25.8
2025-07-06,Pune,25.2,22.4,92,25.2
2025-07-07,Pune,25.5,22.2,93,26.6
2025-07-08,Pune,25.8,22.3,94,24.7
2025-07-09,Pune,26.0,22.5,94,18.4
2025-07-10,Pune,27.8,22.2,93,16.8
2025-07-11,Pune,28.0,22.5,94,18.7
2025-07-12,Pune,28.3,22.5,93,19.0
2025-07-13,Pune,27.7,22.5,92,21.0
2025-07-14,Pune,26.7,22.8,91,24.4
2025-07-15,Pune,25.4,22.7,95,15.4
2025-07-16,Pune,28.1,22.6,92,19.1
2025-07-17,Pune,28.7,22.4,94,14.5
2025-07-18,Pune,28.1,22.2,95,16.5
2025-07-19,Pune,28.4,21.9,93,18.5
2025-07-20,Pune,27.9,22.4,93,15.7
2025-07-21,Pune,27.2,22.3,94,14.9
2025-07-22,Pune,27.5,22.2,97,19.0
2025-07-23,Pune,25.5,22.4,97,20.8
2025-07-24,Pune,25.3,21.8,94,22.7
2025-07-25,Pune,25.1,22.8,92,21.8
2025-07-26,Pune,25.0,22.7,92,26.0
2025-07-27,Pune,25.9,22.1,92,30.6
2025-07-28,Pune,25.5,21.7,91,29.8
2025-07-29,Pune,25.2,21.7,91,31.1
2025-07-30,Pune,25.3,22.3,92,30.3
2025-07-31,Pune,26.7,22.2,92,27.2
2025-08-01,Pune,27.1,21.9,91,20.9
2025-08-02,Pune,27.9,22.3,92,17.7
2025-08-03,Pune,28.3,22.1,94,14.6
2025-08-04,Pune,28.4,21.5,95,16.7
2025-08-05,Pune,29.0,21.1,96,13.6
2025-08-06,Pune,29.6,21.3,98,10.0
2025-08-07,Pune,29.3,21.6,97,13.8
2025-08-08,Pune,28.0,21.5,98,11.6
2025-08-09,Pune,27.2,21.5,96,10.2
2025-08-10,Pune,27.1,21.6,95,14.8
2025-08-11,Pune,27.7,21.3,93,19.7
2025-08-12,Pune,27.3,21.5,93,18.5
2025-08-13,Pune,27.0,21.6,93,15.9
2025-08-14,Pune,26.7,21.9,94,15.9
2025-08-15,Pune,26.7,22.1,95,15.4
2025-08-16,Pune,26.7,21.8,96,17.2
2025-08-17,Pune,26.1,21.7,96,20.0
2025-08-18,Pune,24.1,22.2,94,20.5
2025-08-19,Pune,23.8,22.1,95,25.2
2025-08-20,Pune,24.2,21.9,94,27.2
2025-08-21,Pune,26.1,22.2,92,26.2
2025-08-22,Pune,26.4,22.0,92,24.5
2025-08-23,Pune,26.3,21.8,93,26.4
2025-08-24,Pune,25.8,21.5,93,27.0
2025-08-25,Pune,25.0,21.6,92,25.1
2025-08-26,Pune,26.7,22.0,92,19.2
2025-08-27,Pune,27.7,21.8,94,17.3
2025-08-28,Pune,26.9,22.0,96,15.4
2025-08-29,Pune,26.9,21.6,96,14.3
2025-08-30,Pune,27.7,21.7,96,16.4
2025-08-31,Pune,27.6,22.5,93,19.6
2025-09-01,Pune,26.4,21.9,92,25.2
2025-09-02,Pune,26.4,22.3,93,21.7
2025-09-03,Pune,26.6,21.5,93,19.0
2025-09-04,Pune,26.5,21.7,94,20.9
2025-09-05,Pune,26.8,21.9,93,20.9
2025-09-06,Pune,26.2,21.7,93,19.8
2025-09-07,Pune,27.1,21.1,93,20.6
2025-09-08,Pune,27.6,21.2,94,14.9
2025-09-09,Pune,29.0,19.5,99,12.8
2025-09-10,Pune,29.1,19.7,98,10.8
2025-09-11,Pune,28.9,20.1,98,12.7
2025-09-12,Pune,27.6,20.7,95,12.1
2025-09-13,Pune,28.7,21.4,97,9.4
2025-09-14,Pune,27.7,21.7,98,12.7
2025-09-15,Pune,26.2,21.4,98,16.4
2025-09-16,Pune,25.8,21.1,96,13.5
2025-09-17,Pune,28.5,20.6,97,10.6
2025-09-18,Pune,27.0,21.8,98,10.8
2025-09-19,Pune,27.9,21.8,98,12.1
2025-09-20,Pune,27.9,21.4,97,13.8
2025-09-21,Pune,28.1,21.3,97,13.8
2025-09-22,Pune,26.3,21.0,98,14.4
2025-09-23,Pune,25.9,20.6,96,17.4
2025-09-24,Pune,26.8,20.7,95,15.4
2025-09-25,Pune,27.7,20.3,95,13.5
2025-09-26,Pune,26.6,21.0,94,12.8
2025-09-27,Pune,25.6,21.4,97,21.6
2025-09-28,Pune,22.8,21.0,96,27.9
2025-09-29,Pune,26.6,21.3,93,21.2
2025-09-30,Pune,26.6,21.0,95,19.0
2025-10-01,Pune,27.1,21.6,93,17.5
2025-10-02,Pune,28.0,21.0,93,16.6
2025-10-03,Pune,28.2,21.8,96,11.2
2025-10-04,Pune,28.8,21.8,96,12.3
2025-10-05,Pune,27.6,21.4,97,13.6
2025-10-06,Pune,28.0,20.0,97,13.5
2025-10-07,Pune,27.4,20.6,96,13.0
2025-10-08,Pune,28.5,20.5,100,10.1
2025-10-09,Pune,29.2,20.3,100,8.5
2025-10-10,Pune,30.4,20.3,95,9.5
2025-10-11,Pune,30.9,20.6,89,9.1
2025-10-12,Pune,31.3,20.7,81,8.1
2025-10-13,Pune,31.6,21.0,79,9.3
2025-10-14,Pune,31.5,20.3,83,11.9
2025-10-15,Pune,31.1,21.2,84,17.0
2025-10-16,Pune,32.3,22.0,94,15.5
2025-10-17,Pune,31.8,22.8,82,16.9
2025-10-18,Pune,32.1,22.1,78,13.3
2025-10-19,Pune,32.2,22.2,79,14.4
2025-10-20,Pune,32.4,22.3,73,15.5
2025-10-21,Pune,31.9,22.7,87,12.9
2025-10-22,Pune,31.8,21.5,98,15.4
2025-10-23,Pune,32.1,22.9,94,19.3
2025-10-24,Pune,29.0,21.1,100,18.1
2025-10-25,Pune,28.2,21.5,99,13.6
2025-10-26,Pune,26.0,21.0,100,16.3
2025-10-27,Pune,29.1,21.4,99,19.2
2025-10-28,Pune,29.1,20.6,100,10.3
2025-10-29,Pune,30.2,20.8,100,11.5
2025-10-30,Pune,27.8,20.4,98,16.8
2025-10-31,Pune,27.6,19.8,99,13.6
2025-11-01,Pune,28.4,21.4,99,13.0
2025-11-02,Pune,27.7,21.5,95,12.6
2025-11-03,Pune,27.9,21.2,96,13.9
2025-11-04,Pune,27.9,20.1,98,14.9
2025-11-05,Pune,27.7,19.2,98,11.5
2025-11-06,Pune,28.3,19.7,99,11.0
2025-11-07,Pune,29.1,18.7,93,10.0
2025-11-08,Pune,29.3,17.8,88,7.6
2025-11-09,Pune,29.3,16.8,87,8.3
2025-11-10,Pune,29.6,16.0,87,5.7
2025-11-11,Pune,29.8,16.0,86,6.8
2025-11-12,Pune,29.7,16.4,76,9.9
2025-11-13,Pune,30.1,16.8,76,9.6
2025-11-14,Pune,29.4,16.5,75,10.7
2025-11-15,Pune,29.4,15.5,75,10.1
2025-11-16,Pune,28.7,15.2,71,11.6
2025-11-17,Pune,28.4,14.7,71,14.8
2025-11-18,Pune,28.8,13.7,68,11.4
2025-11-19,Pune,30.0,13.7,73,8.7
2025-11-20,Pune,29.5,15.1,72,10.5
2025-11-21,Pune,30.7,15.0,70,8.0
2025-11-22,Pune,32.7,17.9,79,10.7
2025-11-23,Pune,32.5,19.5,83,11.7
2025-11-24,Pune,31.7,19.5,90,9.0
2025-11-25,Pune,31.1,20.0,77,10.6
2025-11-26,Pune,30.3,18.9,82,11.2
2025-11-27,Pune,29.5,18.3,73,12.7
2025-11-28,Pune,29.2,18.4,78,12.8
2025-11-29,Pune,28.3,17.3,86,13.5
2025-11-30,Pune,28.3,14.1,70,11.6
2025-12-01,Pune,28.7,14.5,74,8.3
2025-12-02,Pune,28.2,15.0,73,10.2
2025-12-03,Pune,28.5,14.5,80,10.7
2025-12-04,Pune,29.3,16.3,82,11.5
2025-12-05,Pune,29.9,17.3,85,12.4
2025-12-06,Pune,29.0,17.2,80,11.7
2025-12-07,Pune,29.1,16.6,65,10.8
2025-12-08,Pune,30.1,15.4,68,11.8
2025-12-09,Pune,29.7,13.7,62,15.7
2025-12-10,Pune,29.3,13.6,65,14.9
2025-12-11,Pune,28.6,13.0,63,10.1
2025-12-12,Pune,28.7,13.0,59,9.6
2025-12-13,Pune,29.5,13.3,62,9.6
2025-12-14,Pune,29.1,15.2,60,13.9
2025-12-15,Pune,28.5,14.6,55,14.3
2025-12-16,Pune,28.8,14.2,66,15.1
2025-12-17,Pune,30.1,15.1,71,10.9
2025-12-18,Pune,30.6,14.6,73,11.5
2025-12-19,Pune,29.6,13.3,64,12.0
2025-12-20,Pune,29.0,13.3,59,11.0
2025-12-21,Pune,28.0,13.4,65,11.5
2025-12-22,Pune,29.1,13.2,70,12.2
2025-12-23,Pune,28.7,14.0,66,12.5
2025-12-24,Pune,28.0,14.5,66,14.2
2025-12-25,Pune,27.9,13.9,64,10.5
2025-12-26,Pune,27.6,13.5,73,9.4
2025-12-27,Pune,28.2,13.9,71,9.1
2025-12-28,Pune,28.4,14.1,69,9.6
2025-12-29,Pune,28.4,13.4,72,8.8
2025-12-30,Pune,29.4,13.3,78,10.4
2025-12-31,Pune,28.8,14.0,82,12.9
2026-01-01,Pune,28.3,14.4,83,7.4
2026-01-02,Pune,29.6,15.9,95,11.7
2026-01-03,Pune,29.6,16.6,86,6.9
2026-01-04,Pune,29.3,18.4,81,11.2
2026-01-05,Pune,28.2,17.4,84,9.6
2026-01-06,Pune,27.9,15.6,80,11.9
2026-01-07,Pune,28.3,14.1,71,12.3
2026-01-08,Pune,27.7,13.4,67,13.5
2026-01-09,Pune,27.1,13.1,56,14.0
2026-01-10,Pune,27.9,14.0,58,11.4
2026-01-11,Pune,28.3,14.0,60,12.2
2026-01-12,Pune,30.1,15.3,60,9.5
2026-01-13,Pune,30.0,18.3,77,8.5
2026-01-14,Pune,28.8,18.2,90,11.9
2026-01-15,Pune,30.2,17.2,76,9.6
2026-01-16,Pune,31.0,16.8,72,11.4
2026-01-17,Pune,30.7,17.5,71,16.5
2026-01-18,Pune,29.1,16.8,82,15.9
2026-01-19,Pune,29.0,14.3,98,14.5
2026-01-20,Pune,29.5,14.9,90,9.4
2026-01-21,Pune,29.5,15.8,85,11.1
2026-01-22,Pune,28.6,16.8,61,12.4
2026-01-23,Pune,28.6,16.4,81,10.4
2026-01-24,Pune,29.2,15.9,91,10.5
2026-01-25,Pune,29.7,15.6,91,8.3
2026-01-26,Pune,29.5,17.2,76,12.3
2026-01-27,Pune,28.7,19.1,86,14.4
2026-01-28,Pune,29.6,16.0,100,10.1
2026-01-29,Pune,30.9,17.5,78,9.7
2026-01-30,Pune,30.5,19.6,74,9.9
2026-01-31,Pune,30.1,18.2,96,11.5
2026-02-01,Pune,29.9,17.6,69,14.1
2026-02-02,Pune,30.0,16.9,70,14.9
2026-02-03,Pune,30.4,17.3,70,8.1
2026-02-04,Pune,30.0,17.7,73,14.6
2026-02-05,Pune,29.9,17.8,67,12.5
2026-02-06,Pune,29.8,17.0,65,13.4
2026-02-07,Pune,30.5,16.9,66,11.1
2026-02-08,Pune,31.7,16.8,72,11.8
2026-02-09,Pune,32.6,17.3,68,9.4
2026-02-10,Pune,32.8,18.3,79,13.9
2026-02-11,Pune,31.7,19.3,70,12.5
2026-02-12,Pune,31.3,18.0,58,12.2
2026-02-13,Pune,31.8,18.1,75,11.3
2026-02-14,Pune,31.8,18.4,60,11.4
2026-02-15,Pune,32.3,18.6,65,10.1
2026-02-16,Pune,32.8,18.7,64,9.8
2026-02-17,Pune,32.2,19.7,67,10.7
2026-02-18,Pune,32.0,19.3,74,13.5
2026-02-19,Pune,32.8,19.4,87,11.8
2026-02-20,Pune,33.8,20.0,86,11.4
2026-02-21,Pune,34.1,20.2,73,13.0
2026-02-22,Pune,33.3,22.2,64,8.6
2026-02-23,Pune,32.6,21.0,50,11.6
2026-02-24,Pune,33.2,19.2,58,10.1
2026-02-25,Pune,33.4,20.4,58,17.7
2026-02-26,Pune,31.9,19.0,75,14.9
2026-02-27,Pune,31.2,18.1,79,15.9
2026-02-28,Pune,31.4,16.8,74,14.1
2026-03-01,Pune,33.6,17.2,89,13.7
2026-03-02,Pune,34.5,19.0,87,13.7
2026-03-03,Pune,34.3,21.0,69,12.6
2026-03-04,Pune,34.7,21.2,56,13.7
2026-03-05,Pune,35.5,20.3,47,11.8
2026-03-06,Pune,35.2,20.9,53,14.5
2026-03-07,Pune,35.8,20.6,53,10.4
2026-03-08,Pune,36.9,20.7,59,14.5
2026-03-09,Pune,36.2,21.9,46,15.3
2026-03-10,Pune,35.7,21.0,49,16.3
2026-03-11,Pune,36.3,21.6,56,16.4
2026-03-12,Pune,36.6,22.4,64,12.9
2026-03-13,Pune,36.5,22.0,50,11.9
2026-03-14,Pune,36.2,23.1,37,20.9
2026-03-15,Pune,34.8,23.0,57,16.3
2026-03-16,Pune,34.1,20.1,58,17.1
2026-03-17,Pune,34.2,19.5,78,17.0
2026-03-18,Pune,34.1,20.9,75,14.2
2026-03-19,Pune,32.9,20.7,82,18.4
2026-03-20,Pune,33.4,18.8,92,18.3
2026-03-21,Pune,33.2,19.8,90,9.1
2026-03-22,Pune,34.5,20.8,61,9.0
2026-03-23,Pune,36.2,21.8,52,14.8
2026-03-24,Pune,36.4,22.5,61,12.1
2026-03-25,Pune,36.8,23.3,57,11.6
2026-03-26,Pune,36.9,23.8,52,12.6
2026-03-27,Pune,37.0,25.1,55,16.5
2026-03-28,Pune,36.2,23.4,56,20.7
2026-03-29,Pune,35.3,21.0,85,15.5
2026-03-30,Pune,36.1,21.9,92,14.8
2026-03-31,Pune,33.7,22.7,89,7.7
2026-04-01,Pune,36.6,22.2,93,15.1
2026-04-02,Pune,34.6,22.6,86,11.4
2026-04-03,Pune,32.5,20.7,96,13.7
2026-04-04,Pune,33.2,20.2,90,15.9
2026-04-05,Pune,32.8,20.5,81,18.7
2026-04-06,Pune,31.7,18.6,91,12.8
2026-04-07,Pune,33.8,19.4,91,15.7
2026-04-08,Pune,33.3,20.7,92,18.1
2026-04-09,Pune,33.8,20.5,95,15.2
2026-04-10,Pune,36.7,21.5,76,15.9
2026-04-11,Pune,39.1,23.4,72,18.9
2026-04-12,Pune,39.4,23.4,58,15.0
2026-04-13,Pune,38.6,24.5,75,16.8
2026-04-14,Pune,40.2,23.0,72,17.7
2026-04-15,Pune,39.1,24.8,42,16.2
2026-04-16,Pune,38.9,22.7,45,17.5
2026-04-17,Pune,39.6,22.2,71,15.0
2026-04-18,Pune,38.8,25.1,75,15.4
2026-04-19,Pune,39.8,26.0,55,15.6
2026-04-20,Pune,38.6,25.4,60,15.7
2026-04-21,Pune,38.7,25.4,52,13.8
2026-04-22,Pune,38.4,24.9,67,20.6
2026-04-23,Pune,38.7,25.1,73,13.8
2026-04-24,Pune,39.7,25.6,47,17.5
2026-04-25,Pune,40.0,26.7,51,13.6
2026-04-26,Pune,41.0,26.8,62,18.5
2026-04-27,Pune,39.9,24.6,74,17.9
2026-04-28,Pune,39.1,24.9,70,17.1
2026-04-29,Pune,38.6,25.2,64,16.1
2026-04-30,Pune,37.5,24.2,69,20.2
2026-05-01,Pune,35.5,23.2,81,20.2
2026-05-02,Pune,37.0,22.6,81,20.3
2026-05-03,Pune,37.2,21.9,90,20.0
2026-05-04,Pune,36.2,21.7,87,20.3
2026-05-05,Pune,36.5,21.7,95,20.3
2026-05-06,Pune,37.2,22.3,92,16.4
2026-05-07,Pune,37.3,24.5,80,16.0
2026-05-08,Pune,37.1,26.0,75,15.9
2026-05-09,Pune,37.4,25.9,65,14.0
2026-05-10,Pune,40.7,26.2,47,14.7
2026-05-11,Pune,41.0,26.5,63,18.5
2026-05-12,Pune,41.8,26.2,53,20.2
2026-05-13,Pune,38.3,26.2,73,19.3
2026-05-14,Pune,37.8,25.3,77,18.6
2026-05-15,Pune,36.3,25.4,68,17.0
2026-05-16,Pune,38.8,23.6,87,16.7
2026-05-17,Pune,39.0,25.0,88,16.9
2026-05-18,Pune,40.2,24.8,74,18.2
2026-05-19,Pune,36.2,24.9,80,17.0
2026-05-20,Pune,35.9,23.9,86,15.8
2026-05-21,Pune,37.6,24.1,86,15.5
2026-05-22,Pune,36.5,25.2,84,16.4
2026-05-23,Pune,33.3,24.8,90,13.3
2026-05-24,Pune,33.9,25.3,88,18.4
2026-05-25,Pune,35.3,23.7,97,18.1
2026-05-26,Pune,35.3,24.1,91,15.4
2026-05-27,Pune,36.8,24.2,91,14.5
2026-05-28,Pune,37.2,24.1,88,17.2
2026-05-29,Pune,35.5,24.4,86,17.8
2026-05-30,Pune,36.1,24.7,86,18.2
2026-05-31,Pune,34.3,25.3,87,15.8
2026-06-01,Pune,36.6,24.0,91,17.8
2026-06-02,Pune,36.1,24.7,84,22.3
2026-06-03,Pune,35.9,23.7,85,17.8
2026-06-04,Pune,36.5,24.0,84,18.7
2026-06-05,Pune,35.9,25.3,83,16.3
2026-06-06,Pune,36.5,25.4,87,19.2
2026-06-07,Pune,35.3,24.9,86,18.7
2026-06-08,Pune,33.5,24.5,91,20.0
2026-06-09,Pune,33.1,24.3,88,20.2
2026-06-10,Pune,33.8,24.5,86,20.3
2026-06-11,Pune,35.2,24.7,86,19.1
2026-06-12,Pune,34.2,24.5,86,18.6
2026-06-13,Pune,34.4,24.9,86,21.6
2026-06-14,Pune,33.5,24.7,85,22.0
2026-06-15,Pune,33.8,24.0,87,21.5
2026-06-16,Pune,34.5,23.4,88,19.8
2026-06-17,Pune,35.1,23.9,88,20.9
2026-06-18,Pune,34.1,23.6,86,16.9
2026-06-19,Pune,34.0,22.7,86,16.8
2026-06-20,Pune,34.8,23.3,87,18.0
2026-06-21,Pune,35.7,24.5,80,20.0
2026-06-22,Pune,32.4,24.7,84,16.7
2026-06-23,Pune,28.0,22.1,96,19.3
2026-06-24,Pune,27.1,21.9,96,13.7
2026-06-25,Pune,29.9,22.7,89,16.6
2026-06-26,Pune,31.3,22.6,91,15.5
2026-06-27,Pune,32.8,23.1,90,16.8
2026-06-28,Pune,31.5,23.7,96,18.8
2026-06-29,Pune,28.3,23.0,97,16.2
2026-06-30,Pune,27.1,23.3,95,18.4
2026-07-01,Pune,27.1,22.6,96,20.7
2026-07-02,Pune,25.6,22.5,95,20.3
2026-07-03,Pune,25.1,22.4,96,19.6
2026-07-04,Pune,24.2,22.2,96,21.7
2026-07-05,Pune,24.9,22.7,96,23.5
2026-07-06,Pune,24.2,22.9,96,31.3
2026-07-07,Pune,26.7,22.9,95,27.5
2026-07-08,Pune,25.9,23.3,95,28.2
2026-07-09,Pune,28.3,23.4,91,21.6
2026-07-10,Pune,28.9,23.3,90,19.9
2026-07-11,Pune,28.8,23.3,92,22.8
2026-07-12,Pune,29.5,22.6,90,24.9
2026-07-13,Pune,29.3,23.0,89,21.8
2026-07-14,Pune,29.9,22.6,90,20.0
2026-07-15,Pune,28.5,22.6,90,21.0
2026-07-16,Pune,29.0,23.1,90,19.0
2026-07-17,Pune,28.3,23.4,89,20.8
2026-07-18,Pune,27.9,22.7,96,20.7
2026-07-19,Pune,27.4,22.7,93,19.7
2026-07-20,Pune,27.1,22.7,90,22.8
2026-07-21,Pune,26.4,22.7,94,25.2
2026-07-22,Pune,25.2,22.2,94,26.6
2026-07-23,Pune,25.3,20.7,94,28.2
2026-07-24,Pune,26.2,22.6,93,28.2
2026-07-25,Pune,27.6,22.4,95,23.4
2026-07-26,Pune,27.8,22.5,94,22.7
2026-07-27,Pune,26.8,22.8,94,20.7
2026-07-28,Pune,27.2,22.3,95,22.9
2026-07-29,Pune,26.7,23.3,91,25.8
2026-07-30,Pune,26.1,23.2,95,23.8
2026-07-31,Pune,25.1,22.6,96,21.1
2026-08-01,Pune,27.1,22.8,91,26.8
2026-08-02,Pune,27.2,23.0,93,22.4
2026-08-03,Pune,25.8,23.2,92,19.9
2026-08-04,Pune,27.8,23.0,93,18.4
2026-08-05,Pune,26.9,22.9,94,19.7
2026-08-06,Pune,26.9,22.9,91,22.8
2026-08-07,Pune,27.4,22.5,91,24.0
2026-08-08,Pune,27.1,22.6,92,21.4
2026-08-09,Pune,27.9,22.9,91,20.7
2026-08-10,Pune,27.4,22.4,91,23.8
